datetime,training_steps,policy_loss,value_loss,learning_rate,total_games,total_samples
2023-05-24 13:44:09,200,5.129679203033447,1.0017127990722656,0.01,5000,241677
2023-05-24 13:44:17,400,5.129616737365723,0.9977194666862488,0.01,5000,241677
2023-05-24 13:44:25,600,5.130165100097656,1.0007325410842896,0.01,5000,241677
2023-05-24 13:44:32,800,5.129032135009766,0.9916069507598877,0.01,5000,241677
2023-05-24 13:44:39,1000,5.129598617553711,0.9808953404426575,0.01,5000,241677
2023-05-24 14:05:27,1200,5.130117416381836,1.0059406757354736,0.01,10000,487212
2023-05-24 14:05:35,1400,5.12790060043335,0.9907179474830627,0.01,10000,487212
2023-05-24 14:05:42,1600,5.126623153686523,0.996746838092804,0.01,10000,487212
2023-05-24 14:05:49,1800,5.126736640930176,0.9874649047851562,0.01,10000,487212
2023-05-24 14:05:57,2000,5.129810333251953,0.9760074019432068,0.01,10000,487212
2023-05-24 14:25:58,2200,5.127010345458984,0.9819304943084717,0.01,15000,732638
2023-05-24 14:26:05,2400,5.117323875427246,0.9942857027053833,0.01,15000,732638
2023-05-24 14:26:13,2600,5.130486488342285,0.9988582134246826,0.01,15000,732638
2023-05-24 14:26:20,2800,5.127680778503418,0.9732227921485901,0.01,15000,732638
2023-05-24 14:26:28,3000,5.126398086547852,0.9675218462944031,0.01,15000,732638
2023-05-24 14:45:57,3200,5.127062797546387,0.9976580739021301,0.01,20000,972282
2023-05-24 14:46:05,3400,5.1180009841918945,0.9530986547470093,0.01,20000,972282
2023-05-24 14:46:13,3600,5.116611003875732,0.9875263571739197,0.01,20000,972282
2023-05-24 14:46:20,3800,5.116725921630859,0.9853194952011108,0.01,20000,972282
2023-05-24 14:46:28,4000,5.127241611480713,0.9755467176437378,0.01,20000,972282
2023-05-24 15:05:17,4200,5.129242897033691,1.0120271444320679,0.01,25000,1207242
2023-05-24 15:05:25,4400,5.115104675292969,0.981147289276123,0.01,25000,1207242
2023-05-24 15:05:32,4600,5.109114646911621,0.9835737347602844,0.01,25000,1207242
2023-05-24 15:05:40,4800,5.113812446594238,0.9889097213745117,0.01,25000,1207242
2023-05-24 15:05:47,5000,5.127006530761719,1.0061300992965698,0.01,25000,1207242
2023-05-24 15:24:30,5200,5.1305251121521,0.9678744077682495,0.01,30000,1437112
2023-05-24 15:24:38,5400,5.10300874710083,1.0213193893432617,0.01,30000,1437112
2023-05-24 15:24:45,5600,5.11231803894043,0.9783262610435486,0.01,30000,1437112
2023-05-24 15:24:52,5800,5.1307759284973145,0.9964140057563782,0.01,30000,1437112
2023-05-24 15:25:00,6000,5.12238073348999,0.976192831993103,0.01,30000,1437112
2023-05-24 15:43:16,6200,5.093683242797852,0.9840487241744995,0.01,35000,1662908
2023-05-24 15:43:24,6400,5.109682083129883,0.9678775668144226,0.01,35000,1662908
2023-05-24 15:43:32,6600,5.109583854675293,0.9484245777130127,0.01,35000,1662908
2023-05-24 15:43:39,6800,5.130293369293213,0.9848873615264893,0.01,35000,1662908
2023-05-24 15:43:47,7000,5.120030403137207,0.9705338478088379,0.01,35000,1662908
2023-05-24 16:01:02,7200,5.102342128753662,0.9880277514457703,0.01,40000,1878562
2023-05-24 16:01:10,7400,5.105574607849121,0.9918875694274902,0.01,40000,1878562
2023-05-24 16:01:17,7600,5.096861839294434,1.011606216430664,0.01,40000,1878562
2023-05-24 16:01:24,7800,5.11649751663208,0.9633342027664185,0.01,40000,1878562
2023-05-24 16:01:32,8000,5.116059303283691,1.0051780939102173,0.01,40000,1878562
2023-05-24 16:17:47,8200,5.098796844482422,0.9849104285240173,0.01,45000,2079828
2023-05-24 16:17:55,8400,5.080738067626953,0.9424788355827332,0.01,45000,2079828
2023-05-24 16:18:02,8600,5.106134414672852,1.0019893646240234,0.01,45000,2079828
2023-05-24 16:18:10,8800,5.088488578796387,0.9781448245048523,0.01,45000,2079828
2023-05-24 16:18:17,9000,5.076890468597412,0.9748631715774536,0.01,45000,2079828
2023-05-24 16:32:30,9200,5.1031494140625,0.9195075631141663,0.01,50000,2259462
2023-05-24 16:32:37,9400,5.07794713973999,0.9841295480728149,0.01,50000,2259462
2023-05-24 16:32:45,9600,5.082190990447998,0.9772635698318481,0.01,50000,2259462
2023-05-24 16:32:52,9800,5.134555816650391,0.9865071773529053,0.01,50000,2259462
2023-05-24 16:33:00,10000,5.123368263244629,1.008302927017212,0.01,50000,2259462
2023-05-24 16:44:37,10200,5.0520710945129395,0.95659339427948,0.01,55000,2417465
2023-05-24 16:44:45,10400,5.0519328117370605,0.9634326696395874,0.01,55000,2417465
2023-05-24 16:44:52,10600,5.100773811340332,0.9854654669761658,0.01,55000,2417465
2023-05-24 16:45:00,10800,5.072752952575684,1.004887342453003,0.01,55000,2417465
2023-05-24 16:45:07,11000,5.114044189453125,1.002265214920044,0.01,55000,2417465
2023-05-24 16:55:25,11200,5.005025863647461,0.9837387800216675,0.01,60000,2556767
2023-05-24 16:55:32,11400,5.092473030090332,0.9618688821792603,0.01,60000,2556767
2023-05-24 16:55:40,11600,4.9865827560424805,0.964726984500885,0.01,60000,2556767
2023-05-24 16:55:47,11800,5.060574054718018,0.9643933773040771,0.01,60000,2556767
2023-05-24 16:55:55,12000,5.0063958168029785,0.9345282316207886,0.01,60000,2556767
2023-05-24 17:05:07,12200,5.024946212768555,0.985012948513031,0.01,65000,2683478
2023-05-24 17:05:15,12400,5.000667572021484,0.9767128229141235,0.01,65000,2683478
2023-05-24 17:05:22,12600,5.0209431648254395,0.9911798238754272,0.01,65000,2683478
2023-05-24 17:05:30,12800,4.998610973358154,0.9742217063903809,0.01,65000,2683478
2023-05-24 17:05:37,13000,4.93770694732666,0.9930523633956909,0.01,65000,2683478
2023-05-24 17:14:44,13200,4.9625444412231445,0.9680681228637695,0.01,70000,2801672
2023-05-24 17:14:51,13400,4.953906536102295,0.9763259291648865,0.01,70000,2801672
2023-05-24 17:14:59,13600,4.951871871948242,0.9812467098236084,0.01,70000,2801672
2023-05-24 17:15:07,13800,4.971998691558838,0.9697762727737427,0.01,70000,2801672
2023-05-24 17:15:14,14000,4.935053825378418,0.978029727935791,0.01,70000,2801672
2023-05-24 17:22:20,14200,4.960916996002197,0.9377461671829224,0.01,75000,2903087
2023-05-24 17:22:27,14400,4.855381011962891,0.9246325492858887,0.01,75000,2903087
2023-05-24 17:22:35,14600,4.9704389572143555,0.8938016891479492,0.01,75000,2903087
2023-05-24 17:22:42,14800,4.934247970581055,0.898698091506958,0.01,75000,2903087
2023-05-24 17:22:49,15000,4.83915901184082,0.9181928038597107,0.01,75000,2903087
2023-05-24 17:28:33,15200,4.952838897705078,0.9421413540840149,0.01,80000,2990483
2023-05-24 17:28:41,15400,4.979130744934082,0.9043465852737427,0.01,80000,2990483
2023-05-24 17:28:48,15600,4.805788040161133,0.9117112159729004,0.01,80000,2990483
2023-05-24 17:28:56,15800,4.863033294677734,0.9115952253341675,0.01,80000,2990483
2023-05-24 17:29:03,16000,4.790671348571777,0.8873212337493896,0.01,80000,2990483
2023-05-24 17:34:25,16200,4.797266960144043,0.9259692430496216,0.01,85000,3070393
2023-05-24 17:34:32,16400,4.810885429382324,0.9348709583282471,0.01,85000,3070393
2023-05-24 17:34:40,16600,4.8589348793029785,0.8966209888458252,0.01,85000,3070393
2023-05-24 17:34:47,16800,4.7233757972717285,0.9218636155128479,0.01,85000,3070393
2023-05-24 17:34:54,17000,4.830379486083984,0.9116273522377014,0.01,85000,3070393
2023-05-24 17:39:50,17200,4.833361625671387,0.9431111812591553,0.01,90000,3147233
2023-05-24 17:39:58,17400,4.6304802894592285,0.8892076015472412,0.01,90000,3147233
2023-05-24 17:40:05,17600,4.694803237915039,0.920157253742218,0.01,90000,3147233
2023-05-24 17:40:13,17800,4.552043914794922,0.9169363975524902,0.01,90000,3147233
2023-05-24 17:40:20,18000,4.740974426269531,0.9092170596122742,0.01,90000,3147233
2023-05-24 17:44:09,18200,4.748283386230469,0.8828189969062805,0.01,95000,3208709
2023-05-24 17:44:17,18400,4.673847198486328,0.8869330883026123,0.01,95000,3208709
2023-05-24 17:44:24,18600,4.601975440979004,0.8266068696975708,0.01,95000,3208709
2023-05-24 17:44:32,18800,4.658886432647705,0.8619382977485657,0.01,95000,3208709
2023-05-24 17:44:39,19000,4.675932884216309,0.904748797416687,0.01,95000,3208709
2023-05-24 17:47:55,19200,4.4892120361328125,0.8664387464523315,0.01,100000,3263705
2023-05-24 17:48:02,19400,4.513708591461182,0.903892993927002,0.01,100000,3263705
2023-05-24 17:48:09,19600,4.453962326049805,0.9128483533859253,0.01,100000,3263705
2023-05-24 17:48:17,19800,4.550527572631836,0.8591240644454956,0.01,100000,3263705
2023-05-24 17:48:24,20000,4.5314788818359375,0.8749265670776367,0.01,100000,3263705
2023-05-24 17:51:25,20200,4.476346015930176,0.8804590702056885,0.01,105000,3316485
2023-05-24 17:51:32,20400,4.4153242111206055,0.8805664777755737,0.01,105000,3316485
2023-05-24 17:51:40,20600,4.4518232345581055,0.9381828308105469,0.01,105000,3316485
2023-05-24 17:51:47,20800,4.472036838531494,0.8165493011474609,0.01,105000,3316485
2023-05-24 17:51:54,21000,4.538015365600586,0.8506268262863159,0.01,105000,3316485
2023-05-24 17:55:01,21200,4.449902534484863,0.7604535222053528,0.01,110000,3368764
2023-05-24 17:55:08,21400,4.46809196472168,0.8770425319671631,0.01,110000,3368764
2023-05-24 17:55:15,21600,4.441585540771484,0.8506432771682739,0.01,110000,3368764
2023-05-24 17:55:23,21800,4.421737194061279,0.8370862603187561,0.01,110000,3368764
2023-05-24 17:55:30,22000,4.352767467498779,0.7673275470733643,0.01,110000,3368764
2023-05-24 17:58:30,22200,4.359874725341797,0.8069490194320679,0.01,115000,3422827
2023-05-24 17:58:38,22400,4.34739875793457,0.8584428429603577,0.01,115000,3422827
2023-05-24 17:58:45,22600,4.229017734527588,0.866923451423645,0.01,115000,3422827
2023-05-24 17:58:53,22800,4.342775821685791,0.8530265688896179,0.01,115000,3422827
2023-05-24 17:59:00,23000,4.335457801818848,0.8059545755386353,0.01,115000,3422827
2023-05-24 18:02:12,23200,4.263662338256836,0.8226020336151123,0.01,120000,3480134
2023-05-24 18:02:19,23400,4.428913116455078,0.8138542175292969,0.01,120000,3480134
2023-05-24 18:02:27,23600,4.372312545776367,0.8013400435447693,0.01,120000,3480134
2023-05-24 18:02:34,23800,4.231564998626709,0.8039648532867432,0.01,120000,3480134
2023-05-24 18:02:42,24000,4.452298641204834,0.792534589767456,0.01,120000,3480134
2023-05-24 18:05:44,24200,4.293601989746094,0.7631756067276001,0.01,125000,3531856
2023-05-24 18:05:51,24400,4.211916923522949,0.8352066278457642,0.01,125000,3531856
2023-05-24 18:05:59,24600,4.062455654144287,0.7369513511657715,0.01,125000,3531856
2023-05-24 18:06:06,24800,4.351888656616211,0.8065876960754395,0.01,125000,3531856
2023-05-24 18:06:14,25000,4.385629653930664,0.7568154335021973,0.01,125000,3531856
2023-05-24 18:09:18,25200,4.278980731964111,0.7945136427879333,0.01,130000,3585875
2023-05-24 18:09:25,25400,4.368769645690918,0.7677536606788635,0.01,130000,3585875
2023-05-24 18:09:33,25600,4.193452835083008,0.7306462526321411,0.01,130000,3585875
2023-05-24 18:09:41,25800,4.089449882507324,0.7837814688682556,0.01,130000,3585875
2023-05-24 18:09:48,26000,4.262772083282471,0.7770864963531494,0.01,130000,3585875
2023-05-24 18:13:07,26200,4.243459701538086,0.753199577331543,0.01,135000,3645191
2023-05-24 18:13:14,26400,4.084680557250977,0.7961305379867554,0.01,135000,3645191
2023-05-24 18:13:22,26600,4.006565570831299,0.7060767412185669,0.01,135000,3645191
2023-05-24 18:13:30,26800,4.019537925720215,0.6926895380020142,0.01,135000,3645191
2023-05-24 18:13:38,27000,4.275475978851318,0.6946474313735962,0.01,135000,3645191
2023-05-24 18:16:58,27200,3.9619693756103516,0.698742151260376,0.01,140000,3705966
2023-05-24 18:17:05,27400,3.998016834259033,0.6989577412605286,0.01,140000,3705966
2023-05-24 18:17:13,27600,4.145383358001709,0.6933419704437256,0.01,140000,3705966
2023-05-24 18:17:20,27800,4.014155864715576,0.7124729752540588,0.01,140000,3705966
2023-05-24 18:17:28,28000,3.974095344543457,0.7514214515686035,0.01,140000,3705966
2023-05-24 18:20:46,28200,3.9171576499938965,0.7795807123184204,0.01,145000,3764318
2023-05-24 18:20:53,28400,4.137609481811523,0.7409112453460693,0.01,145000,3764318
2023-05-24 18:21:01,28600,3.9611968994140625,0.659368634223938,0.01,145000,3764318
2023-05-24 18:21:09,28800,4.107985496520996,0.7169232368469238,0.01,145000,3764318
2023-05-24 18:21:16,29000,4.217226028442383,0.8017257452011108,0.01,145000,3764318
2023-05-24 18:24:42,29200,3.9081368446350098,0.7616173028945923,0.01,150000,3828858
2023-05-24 18:24:50,29400,3.988314628601074,0.724210798740387,0.01,150000,3828858
2023-05-24 18:24:57,29600,3.916508197784424,0.7296808958053589,0.01,150000,3828858
2023-05-24 18:25:05,29800,3.9655847549438477,0.7141628265380859,0.01,150000,3828858
2023-05-24 18:25:12,30000,3.9503116607666016,0.6779011487960815,0.01,150000,3828858
2023-05-24 18:28:32,30200,3.7284927368164062,0.6666300296783447,0.01,155000,3889364
2023-05-24 18:28:39,30400,4.000909328460693,0.6336586475372314,0.01,155000,3889364
2023-05-24 18:28:47,30600,3.901933193206787,0.6877754926681519,0.01,155000,3889364
2023-05-24 18:28:54,30800,3.8180196285247803,0.6488533020019531,0.01,155000,3889364
2023-05-24 18:29:02,31000,3.974935531616211,0.6480312347412109,0.01,155000,3889364
2023-05-24 18:32:29,31200,3.656794548034668,0.6145433783531189,0.01,160000,3950294
2023-05-24 18:32:37,31400,4.03228759765625,0.6772797703742981,0.01,160000,3950294
2023-05-24 18:32:44,31600,3.6747679710388184,0.621716320514679,0.01,160000,3950294
2023-05-24 18:32:52,31800,3.890291452407837,0.7845743298530579,0.01,160000,3950294
2023-05-24 18:32:59,32000,3.865643262863159,0.6913014054298401,0.01,160000,3950294
2023-05-24 18:36:22,32200,3.8288516998291016,0.5827977657318115,0.01,165000,4010424
2023-05-24 18:36:30,32400,3.6744563579559326,0.5354037284851074,0.01,165000,4010424
2023-05-24 18:36:37,32600,3.837186098098755,0.7137548327445984,0.01,165000,4010424
2023-05-24 18:36:45,32800,3.894733190536499,0.6841621994972229,0.01,165000,4010424
2023-05-24 18:36:52,33000,3.7316179275512695,0.5758382081985474,0.01,165000,4010424
2023-05-24 18:40:23,33200,3.466169834136963,0.5729274749755859,0.01,170000,4074313
2023-05-24 18:40:30,33400,3.886654853820801,0.645095705986023,0.01,170000,4074313
2023-05-24 18:40:38,33600,3.846116065979004,0.522655189037323,0.01,170000,4074313
2023-05-24 18:40:45,33800,3.6861515045166016,0.6044408082962036,0.01,170000,4074313
2023-05-24 18:40:53,34000,3.684353828430176,0.6140265464782715,0.01,170000,4074313
2023-05-24 18:44:24,34200,3.728022575378418,0.5750249624252319,0.01,175000,4138524
2023-05-24 18:44:31,34400,3.536709785461426,0.6107536554336548,0.01,175000,4138524
2023-05-24 18:44:39,34600,3.398766040802002,0.622817873954773,0.01,175000,4138524
2023-05-24 18:44:46,34800,3.5680012702941895,0.6408082246780396,0.01,175000,4138524
2023-05-24 18:44:54,35000,3.730031967163086,0.6780667901039124,0.01,175000,4138524
2023-05-24 18:48:25,35200,3.4580562114715576,0.5016403794288635,0.01,180000,4202322
2023-05-24 18:48:32,35400,3.499478816986084,0.5934383869171143,0.01,180000,4202322
2023-05-24 18:48:40,35600,3.551586151123047,0.6391848921775818,0.01,180000,4202322
2023-05-24 18:48:48,35800,3.747634172439575,0.6042787432670593,0.01,180000,4202322
2023-05-24 18:48:55,36000,3.3797669410705566,0.5021430253982544,0.01,180000,4202322
2023-05-24 18:52:16,36200,3.281078338623047,0.5216937065124512,0.01,185000,4264345
2023-05-24 18:52:24,36400,3.81022310256958,0.5992096662521362,0.01,185000,4264345
2023-05-24 18:52:32,36600,3.590667247772217,0.6283180713653564,0.01,185000,4264345
2023-05-24 18:52:40,36800,3.585026264190674,0.47320595383644104,0.01,185000,4264345
2023-05-24 18:52:48,37000,3.622122049331665,0.5796356797218323,0.01,185000,4264345
2023-05-24 18:56:18,37200,3.423893928527832,0.5256150960922241,0.01,190000,4326483
2023-05-24 18:56:26,37400,3.642327070236206,0.6179779767990112,0.01,190000,4326483
2023-05-24 18:56:34,37600,3.5925745964050293,0.5692456960678101,0.01,190000,4326483
2023-05-24 18:56:41,37800,3.4601008892059326,0.5449774265289307,0.01,190000,4326483
2023-05-24 18:56:49,38000,3.4329206943511963,0.5721576809883118,0.01,190000,4326483
2023-05-24 19:00:23,38200,3.474222183227539,0.7525940537452698,0.01,195000,4391372
2023-05-24 19:00:31,38400,3.4708659648895264,0.5827491283416748,0.01,195000,4391372
2023-05-24 19:00:39,38600,3.2187485694885254,0.43732762336730957,0.01,195000,4391372
2023-05-24 19:00:47,38800,3.509732246398926,0.6547338962554932,0.01,195000,4391372
2023-05-24 19:00:54,39000,3.33512020111084,0.5140198469161987,0.01,195000,4391372
2023-05-24 19:04:21,39200,3.331691026687622,0.5625288486480713,0.01,200000,4453121
2023-05-24 19:04:29,39400,3.223910331726074,0.5600316524505615,0.01,200000,4453121
2023-05-24 19:04:36,39600,3.46168851852417,0.5912265181541443,0.01,200000,4453121
2023-05-24 19:04:44,39800,3.323060989379883,0.5256922245025635,0.01,200000,4453121
2023-05-24 19:04:52,40000,3.14766788482666,0.4539772570133209,0.01,200000,4453121
2023-05-24 19:08:16,40200,3.219510316848755,0.5531373023986816,0.01,205000,4513309
2023-05-24 19:08:24,40400,3.240480899810791,0.5826218724250793,0.01,205000,4513309
2023-05-24 19:08:32,40600,3.024387836456299,0.5000076293945312,0.01,205000,4513309
2023-05-24 19:08:39,40800,3.3983302116394043,0.5691567063331604,0.01,205000,4513309
2023-05-24 19:08:47,41000,3.407102584838867,0.579206109046936,0.01,205000,4513309
2023-05-24 19:12:15,41200,3.128713607788086,0.45204007625579834,0.01,210000,4576861
2023-05-24 19:12:22,41400,3.112642288208008,0.4734337329864502,0.01,210000,4576861
2023-05-24 19:12:30,41600,3.177858591079712,0.5453882217407227,0.01,210000,4576861
2023-05-24 19:12:37,41800,3.025864362716675,0.4558578133583069,0.01,210000,4576861
2023-05-24 19:12:44,42000,3.2649199962615967,0.5237952470779419,0.01,210000,4576861
2023-05-24 19:16:11,42200,3.077789783477783,0.5400598049163818,0.01,215000,4640000
2023-05-24 19:16:19,42400,3.075984477996826,0.392661988735199,0.01,215000,4640000
2023-05-24 19:16:26,42600,3.182237148284912,0.47578656673431396,0.01,215000,4640000
2023-05-24 19:16:34,42800,3.3235960006713867,0.5437187552452087,0.01,215000,4640000
2023-05-24 19:16:42,43000,3.1043386459350586,0.44638413190841675,0.01,215000,4640000
2023-05-24 19:20:07,43200,3.0240631103515625,0.4725951552391052,0.01,220000,4701494
2023-05-24 19:20:14,43400,3.0872273445129395,0.5384359359741211,0.01,220000,4701494
2023-05-24 19:20:22,43600,3.096895217895508,0.4665934145450592,0.01,220000,4701494
2023-05-24 19:20:29,43800,3.1497550010681152,0.446988582611084,0.01,220000,4701494
2023-05-24 19:20:37,44000,2.9037926197052,0.4955306649208069,0.01,220000,4701494
2023-05-24 19:24:07,44200,3.0323262214660645,0.49423378705978394,0.01,225000,4763616
2023-05-24 19:24:15,44400,3.0127015113830566,0.39654219150543213,0.01,225000,4763616
2023-05-24 19:24:23,44600,3.0297632217407227,0.4648371636867523,0.01,225000,4763616
2023-05-24 19:24:30,44800,2.9642271995544434,0.35316306352615356,0.01,225000,4763616
2023-05-24 19:24:38,45000,2.855044364929199,0.4565322995185852,0.01,225000,4763616
2023-05-24 19:28:05,45200,3.0500612258911133,0.4425409436225891,0.01,230000,4825212
2023-05-24 19:28:12,45400,2.924299716949463,0.32392361760139465,0.01,230000,4825212
2023-05-24 19:28:20,45600,2.95047664642334,0.46099546551704407,0.01,230000,4825212
2023-05-24 19:28:27,45800,2.9252114295959473,0.43787652254104614,0.01,230000,4825212
2023-05-24 19:28:35,46000,2.8363871574401855,0.34057214856147766,0.01,230000,4825212
2023-05-24 19:31:59,46200,2.906203269958496,0.3675355017185211,0.01,235000,4884742
2023-05-24 19:32:06,46400,2.8831398487091064,0.43474507331848145,0.01,235000,4884742
2023-05-24 19:32:14,46600,3.201225757598877,0.41947367787361145,0.01,235000,4884742
2023-05-24 19:32:21,46800,3.036543607711792,0.35368263721466064,0.01,235000,4884742
2023-05-24 19:32:29,47000,2.9079205989837646,0.4364151656627655,0.01,235000,4884742
2023-05-24 19:35:51,47200,2.8583953380584717,0.3348512053489685,0.01,240000,4944644
2023-05-24 19:35:58,47400,2.991109609603882,0.3221498131752014,0.01,240000,4944644
2023-05-24 19:36:06,47600,2.7862143516540527,0.32414811849594116,0.01,240000,4944644
2023-05-24 19:36:13,47800,2.8883755207061768,0.38381972908973694,0.01,240000,4944644
2023-05-24 19:36:21,48000,2.812711477279663,0.392009437084198,0.01,240000,4944644
2023-05-24 19:39:49,48200,2.7330667972564697,0.3068247139453888,0.01,245000,5007609
2023-05-24 19:39:56,48400,2.949402332305908,0.4104840159416199,0.01,245000,5007609
2023-05-24 19:40:04,48600,2.862095832824707,0.48225530982017517,0.01,245000,5007609
2023-05-24 19:40:12,48800,2.908839702606201,0.4298393726348877,0.01,245000,5007609
2023-05-24 19:40:19,49000,2.746384859085083,0.3162202537059784,0.01,245000,5007609
2023-05-24 19:43:40,49200,2.6386852264404297,0.4177928566932678,0.01,250000,5066204
2023-05-24 19:43:48,49400,2.7123947143554688,0.24727080762386322,0.01,250000,5066204
2023-05-24 19:43:56,49600,2.639437198638916,0.3596210479736328,0.01,250000,5066204
2023-05-24 19:44:03,49800,2.6767523288726807,0.34291815757751465,0.01,250000,5066204
2023-05-24 19:44:11,50000,2.8523757457733154,0.33047762513160706,0.01,250000,5066204
2023-05-24 19:47:35,50200,2.6141347885131836,0.397347629070282,0.01,255000,5128105
2023-05-24 19:47:43,50400,2.7292613983154297,0.25693076848983765,0.01,255000,5128105
2023-05-24 19:47:50,50600,2.88539981842041,0.3200901746749878,0.01,255000,5128105
2023-05-24 19:47:58,50800,2.8091344833374023,0.3039286136627197,0.01,255000,5128105
2023-05-24 19:48:05,51000,2.722076892852783,0.3519906997680664,0.01,255000,5128105
2023-05-24 19:51:28,51200,2.895244598388672,0.3160058856010437,0.01,260000,5187875
2023-05-24 19:51:35,51400,2.550995349884033,0.30787646770477295,0.01,260000,5187875
2023-05-24 19:51:43,51600,2.6717565059661865,0.29469072818756104,0.01,260000,5187875
2023-05-24 19:51:50,51800,2.5230817794799805,0.40092459321022034,0.01,260000,5187875
2023-05-24 19:51:58,52000,2.5972776412963867,0.35415390133857727,0.01,260000,5187875
2023-05-24 19:55:18,52200,2.4099903106689453,0.36942559480667114,0.01,265000,5247669
2023-05-24 19:55:26,52400,2.6606502532958984,0.30559128522872925,0.01,265000,5247669
2023-05-24 19:55:33,52600,2.688223123550415,0.3674830198287964,0.01,265000,5247669
2023-05-24 19:55:41,52800,2.414290189743042,0.39597171545028687,0.01,265000,5247669
2023-05-24 19:55:48,53000,2.815551519393921,0.2746146321296692,0.01,265000,5247669
2023-05-24 19:59:15,53200,2.555299758911133,0.24200955033302307,0.01,270000,5309674
2023-05-24 19:59:22,53400,2.4772262573242188,0.3066791892051697,0.01,270000,5309674
2023-05-24 19:59:30,53600,2.520559310913086,0.3887978196144104,0.01,270000,5309674
2023-05-24 19:59:37,53800,2.5573863983154297,0.38157254457473755,0.01,270000,5309674
2023-05-24 19:59:45,54000,2.627878189086914,0.40213680267333984,0.01,270000,5309674
2023-05-24 20:03:04,54200,2.5432851314544678,0.31185460090637207,0.01,275000,5370273
2023-05-24 20:03:12,54400,2.6136937141418457,0.3669784665107727,0.01,275000,5370273
2023-05-24 20:03:19,54600,2.397019624710083,0.28363457322120667,0.01,275000,5370273
2023-05-24 20:03:27,54800,2.5006296634674072,0.31750452518463135,0.01,275000,5370273
2023-05-24 20:03:35,55000,2.588376045227051,0.3071533441543579,0.01,275000,5370273
2023-05-24 20:06:54,55200,2.5284993648529053,0.27600714564323425,0.01,280000,5430939
2023-05-24 20:07:01,55400,2.3305559158325195,0.3388392925262451,0.01,280000,5430939
2023-05-24 20:07:09,55600,2.625371217727661,0.2456476092338562,0.01,280000,5430939
2023-05-24 20:07:16,55800,2.6385068893432617,0.28619706630706787,0.01,280000,5430939
2023-05-24 20:07:24,56000,2.778228998184204,0.3236570656299591,0.01,280000,5430939
2023-05-24 20:10:39,56200,2.580232620239258,0.3656051456928253,0.01,285000,5489580
2023-05-24 20:10:47,56400,2.418776273727417,0.4313707649707794,0.01,285000,5489580
2023-05-24 20:10:54,56600,2.6427249908447266,0.32381653785705566,0.01,285000,5489580
2023-05-24 20:11:02,56800,2.612089157104492,0.4117312431335449,0.01,285000,5489580
2023-05-24 20:11:10,57000,2.5611472129821777,0.29292750358581543,0.01,285000,5489580
2023-05-24 20:14:28,57200,2.5926079750061035,0.4181618094444275,0.01,290000,5548531
2023-05-24 20:14:35,57400,2.409058094024658,0.3704058825969696,0.01,290000,5548531
2023-05-24 20:14:43,57600,2.3632264137268066,0.334579199552536,0.01,290000,5548531
2023-05-24 20:14:50,57800,2.552401542663574,0.3445796072483063,0.01,290000,5548531
2023-05-24 20:14:58,58000,2.438735008239746,0.44235894083976746,0.01,290000,5548531
2023-05-24 20:18:06,58200,2.400536060333252,0.26395413279533386,0.01,295000,5606445
2023-05-24 20:18:14,58400,2.5924112796783447,0.3304644525051117,0.01,295000,5606445
2023-05-24 20:18:21,58600,2.4618301391601562,0.3139987289905548,0.01,295000,5606445
2023-05-24 20:18:29,58800,2.5397708415985107,0.27786779403686523,0.01,295000,5606445
2023-05-24 20:18:37,59000,2.5741677284240723,0.2575916647911072,0.01,295000,5606445
2023-05-24 20:21:45,59200,2.420255184173584,0.2988687753677368,0.01,300000,5662802
2023-05-24 20:21:53,59400,2.4903066158294678,0.4127843379974365,0.01,300000,5662802
2023-05-24 20:22:01,59600,2.410952091217041,0.31736600399017334,0.01,300000,5662802
2023-05-24 20:22:08,59800,2.4374518394470215,0.3566092252731323,0.01,300000,5662802
2023-05-24 20:22:16,60000,2.614788293838501,0.32595008611679077,0.01,300000,5662802
2023-05-24 20:25:20,60200,2.473783493041992,0.36904376745224,0.01,305000,5718078
2023-05-24 20:25:28,60400,2.529172897338867,0.44761571288108826,0.01,305000,5718078
2023-05-24 20:25:35,60600,2.5757720470428467,0.29497647285461426,0.01,305000,5718078
2023-05-24 20:25:43,60800,2.3751718997955322,0.3681963086128235,0.01,305000,5718078
2023-05-24 20:25:51,61000,2.54819393157959,0.28584831953048706,0.01,305000,5718078
2023-05-24 20:28:56,61200,2.5746729373931885,0.26894673705101013,0.01,310000,5773256
2023-05-24 20:29:04,61400,2.679232358932495,0.4077299237251282,0.01,310000,5773256
2023-05-24 20:29:11,61600,2.4028358459472656,0.2944324314594269,0.01,310000,5773256
2023-05-24 20:29:19,61800,2.5507915019989014,0.35810452699661255,0.01,310000,5773256
2023-05-24 20:29:27,62000,2.4457194805145264,0.25483882427215576,0.01,310000,5773256
2023-05-24 20:32:35,62200,2.589339017868042,0.4642852544784546,0.01,315000,5828046
2023-05-24 20:32:43,62400,2.3517513275146484,0.5069850087165833,0.01,315000,5828046
2023-05-24 20:32:50,62600,2.470367908477783,0.3552326560020447,0.01,315000,5828046
2023-05-24 20:32:58,62800,2.3867924213409424,0.2803850769996643,0.01,315000,5828046
2023-05-24 20:33:05,63000,2.6964800357818604,0.36163216829299927,0.01,315000,5828046
2023-05-24 20:36:14,63200,2.4809670448303223,0.27256298065185547,0.01,320000,5882958
2023-05-24 20:36:22,63400,2.6237480640411377,0.2663942575454712,0.01,320000,5882958
2023-05-24 20:36:30,63600,2.573915481567383,0.32705992460250854,0.01,320000,5882958
2023-05-24 20:36:37,63800,2.503783702850342,0.3690343201160431,0.01,320000,5882958
2023-05-24 20:36:45,64000,2.664846897125244,0.36766892671585083,0.01,320000,5882958
2023-05-24 20:39:54,64200,2.642022132873535,0.495769202709198,0.01,325000,5939169
2023-05-24 20:40:01,64400,2.5892698764801025,0.3981231451034546,0.01,325000,5939169
2023-05-24 20:40:09,64600,2.4723315238952637,0.40951162576675415,0.01,325000,5939169
2023-05-24 20:40:17,64800,2.420419692993164,0.4337726831436157,0.01,325000,5939169
2023-05-24 20:40:25,65000,2.647794246673584,0.3619689345359802,0.01,325000,5939169
2023-05-24 20:43:37,65200,2.4730587005615234,0.3203863501548767,0.01,330000,5996057
2023-05-24 20:43:45,65400,2.6151788234710693,0.30982229113578796,0.01,330000,5996057
2023-05-24 20:43:53,65600,2.5108208656311035,0.42655378580093384,0.01,330000,5996057
2023-05-24 20:44:00,65800,2.5883238315582275,0.40237608551979065,0.01,330000,5996057
2023-05-24 20:44:08,66000,2.448577404022217,0.33037620782852173,0.01,330000,5996057
2023-05-24 20:47:16,66200,2.5894598960876465,0.3773498237133026,0.01,335000,6050964
2023-05-24 20:47:24,66400,2.477776527404785,0.42618829011917114,0.01,335000,6050964
2023-05-24 20:47:32,66600,2.573834180831909,0.34780949354171753,0.01,335000,6050964
2023-05-24 20:47:39,66800,2.6204514503479004,0.33053916692733765,0.01,335000,6050964
2023-05-24 20:47:47,67000,2.6762826442718506,0.4109620749950409,0.01,335000,6050964
2023-05-24 20:50:51,67200,2.2956624031066895,0.3928137421607971,0.01,340000,6104870
2023-05-24 20:50:58,67400,2.503505229949951,0.3827923834323883,0.01,340000,6104870
2023-05-24 20:51:06,67600,2.5353431701660156,0.35576075315475464,0.01,340000,6104870
2023-05-24 20:51:13,67800,2.5565710067749023,0.3498767018318176,0.01,340000,6104870
2023-05-24 20:51:21,68000,2.5301265716552734,0.41576236486434937,0.01,340000,6104870
2023-05-24 20:54:27,68200,2.5151705741882324,0.39912092685699463,0.01,345000,6159675
2023-05-24 20:54:34,68400,2.613137722015381,0.3910422921180725,0.01,345000,6159675
2023-05-24 20:54:42,68600,2.5956788063049316,0.4337565004825592,0.01,345000,6159675
2023-05-24 20:54:50,68800,2.5350723266601562,0.4155595898628235,0.01,345000,6159675
2023-05-24 20:54:57,69000,2.611513614654541,0.36975377798080444,0.01,345000,6159675
2023-05-24 20:58:00,69200,2.585524320602417,0.26854947209358215,0.01,350000,6213610
2023-05-24 20:58:08,69400,2.7238593101501465,0.43220654129981995,0.01,350000,6213610
2023-05-24 20:58:16,69600,2.2556838989257812,0.3516171872615814,0.01,350000,6213610
2023-05-24 20:58:23,69800,2.4065470695495605,0.3512189984321594,0.01,350000,6213610
2023-05-24 20:58:31,70000,2.506502389907837,0.43671053647994995,0.01,350000,6213610
2023-05-24 21:01:31,70200,2.610349655151367,0.39119753241539,0.01,355000,6266277
2023-05-24 21:01:38,70400,2.7368087768554688,0.29739654064178467,0.01,355000,6266277
2023-05-24 21:01:46,70600,2.502323627471924,0.3064216673374176,0.01,355000,6266277
2023-05-24 21:01:54,70800,2.6227331161499023,0.3063269853591919,0.01,355000,6266277
2023-05-24 21:02:01,71000,2.518868923187256,0.329878568649292,0.01,355000,6266277
2023-05-24 21:05:07,71200,2.5412206649780273,0.33437374234199524,0.01,360000,6319312
2023-05-24 21:05:14,71400,2.3647942543029785,0.3162783980369568,0.01,360000,6319312
2023-05-24 21:05:22,71600,2.4275431632995605,0.4885946810245514,0.01,360000,6319312
2023-05-24 21:05:30,71800,2.555427312850952,0.31900110840797424,0.01,360000,6319312
2023-05-24 21:05:37,72000,2.3418121337890625,0.3205128014087677,0.01,360000,6319312
2023-05-24 21:08:37,72200,2.5941507816314697,0.2689197063446045,0.01,365000,6371600
2023-05-24 21:08:44,72400,2.695686101913452,0.37326210737228394,0.01,365000,6371600
2023-05-24 21:08:52,72600,2.545511245727539,0.3006749153137207,0.01,365000,6371600
2023-05-24 21:09:00,72800,2.5266427993774414,0.2933145761489868,0.01,365000,6371600
2023-05-24 21:09:07,73000,2.571099281311035,0.3655797839164734,0.01,365000,6371600
2023-05-24 21:12:06,73200,2.5339698791503906,0.3648837208747864,0.01,370000,6424861
2023-05-24 21:12:14,73400,2.4806532859802246,0.2926812171936035,0.01,370000,6424861
2023-05-24 21:12:21,73600,2.6195831298828125,0.2510819435119629,0.01,370000,6424861
2023-05-24 21:12:29,73800,2.4923274517059326,0.35860079526901245,0.01,370000,6424861
2023-05-24 21:12:37,74000,2.476776361465454,0.32313859462738037,0.01,370000,6424861
2023-05-24 21:15:43,74200,2.624728202819824,0.4211287796497345,0.01,375000,6478517
2023-05-24 21:15:50,74400,2.5641121864318848,0.3265038728713989,0.01,375000,6478517
2023-05-24 21:15:58,74600,2.5839290618896484,0.26841047406196594,0.01,375000,6478517
2023-05-24 21:16:06,74800,2.311218738555908,0.3873489201068878,0.01,375000,6478517
2023-05-24 21:16:13,75000,2.5025248527526855,0.3632425367832184,0.01,375000,6478517
2023-05-24 21:19:13,75200,2.5764899253845215,0.31456688046455383,0.01,380000,6530559
2023-05-24 21:19:21,75400,2.528186321258545,0.28030863404273987,0.01,380000,6530559
2023-05-24 21:19:28,75600,2.554657459259033,0.3955385982990265,0.01,380000,6530559
2023-05-24 21:19:36,75800,2.6613874435424805,0.40882301330566406,0.01,380000,6530559
2023-05-24 21:19:43,76000,2.5821151733398438,0.33792299032211304,0.01,380000,6530559
2023-05-24 21:22:46,76200,2.628114700317383,0.3814118504524231,0.01,385000,6584644
2023-05-24 21:22:54,76400,2.6345157623291016,0.3673468232154846,0.01,385000,6584644
2023-05-24 21:23:01,76600,2.6317951679229736,0.31311213970184326,0.01,385000,6584644
2023-05-24 21:23:09,76800,2.460178852081299,0.3264777660369873,0.01,385000,6584644
2023-05-24 21:23:17,77000,2.428319215774536,0.31280577182769775,0.01,385000,6584644
2023-05-24 21:26:24,77200,2.741814136505127,0.32802248001098633,0.01,390000,6638300
2023-05-24 21:26:32,77400,2.530423879623413,0.34506916999816895,0.01,390000,6638300
2023-05-24 21:26:39,77600,2.5198264122009277,0.2977018654346466,0.01,390000,6638300
2023-05-24 21:26:46,77800,2.5516648292541504,0.31610167026519775,0.01,390000,6638300
2023-05-24 21:26:54,78000,2.526679277420044,0.3987581729888916,0.01,390000,6638300
2023-05-24 21:30:01,78200,2.650672435760498,0.4146898686885834,0.01,395000,6692117
2023-05-24 21:30:09,78400,2.574953556060791,0.2510574162006378,0.01,395000,6692117
2023-05-24 21:30:16,78600,2.5849947929382324,0.318737655878067,0.01,395000,6692117
2023-05-24 21:30:24,78800,2.39819073677063,0.3172205686569214,0.01,395000,6692117
2023-05-24 21:30:32,79000,2.5022101402282715,0.3892066180706024,0.01,395000,6692117
2023-05-24 21:33:35,79200,2.368349313735962,0.3438650071620941,0.01,400000,6744646
2023-05-24 21:33:42,79400,2.4204301834106445,0.2970045208930969,0.01,400000,6744646
2023-05-24 21:33:50,79600,2.640824317932129,0.33802831172943115,0.01,400000,6744646
2023-05-24 21:33:57,79800,2.6124367713928223,0.36596012115478516,0.01,400000,6744646
2023-05-24 21:34:05,80000,2.597257614135742,0.21295040845870972,0.01,400000,6744646
2023-05-24 21:37:14,80200,2.6561155319213867,0.3389120101928711,0.01,405000,6799304
2023-05-24 21:37:22,80400,2.6880054473876953,0.35912996530532837,0.01,405000,6799304
2023-05-24 21:37:29,80600,2.4710590839385986,0.3287513852119446,0.01,405000,6799304
2023-05-24 21:37:37,80800,2.613083839416504,0.3713891804218292,0.01,405000,6799304
2023-05-24 21:37:45,81000,2.5390310287475586,0.2803148627281189,0.01,405000,6799304
2023-05-24 21:40:51,81200,2.5709547996520996,0.3396311402320862,0.01,410000,6852838
2023-05-24 21:40:59,81400,2.600022077560425,0.2335241287946701,0.01,410000,6852838
2023-05-24 21:41:06,81600,2.6258554458618164,0.3714430332183838,0.01,410000,6852838
2023-05-24 21:41:14,81800,2.8031880855560303,0.32808566093444824,0.01,410000,6852838
2023-05-24 21:41:22,82000,2.7100257873535156,0.37021058797836304,0.01,410000,6852838
2023-05-24 21:44:31,82200,2.4919486045837402,0.3862074017524719,0.01,415000,6908282
2023-05-24 21:44:39,82400,2.700502872467041,0.3189942240715027,0.01,415000,6908282
2023-05-24 21:44:46,82600,2.7204551696777344,0.33194512128829956,0.01,415000,6908282
2023-05-24 21:44:54,82800,2.584404945373535,0.42773568630218506,0.01,415000,6908282
2023-05-24 21:45:02,83000,2.5684266090393066,0.29583340883255005,0.01,415000,6908282
2023-05-24 21:48:12,83200,2.660367012023926,0.28589561581611633,0.01,420000,6963059
2023-05-24 21:48:20,83400,2.6822381019592285,0.24502971768379211,0.01,420000,6963059
2023-05-24 21:48:27,83600,2.4896740913391113,0.3026637136936188,0.01,420000,6963059
2023-05-24 21:48:35,83800,2.8333683013916016,0.31139278411865234,0.01,420000,6963059
2023-05-24 21:48:43,84000,2.623641014099121,0.32462891936302185,0.01,420000,6963059
2023-05-24 21:51:53,84200,2.7538280487060547,0.35953593254089355,0.01,425000,7017739
2023-05-24 21:52:01,84400,2.583015203475952,0.3647404909133911,0.01,425000,7017739
2023-05-24 21:52:08,84600,2.564842939376831,0.3242919445037842,0.01,425000,7017739
2023-05-24 21:52:16,84800,2.6290245056152344,0.3526157736778259,0.01,425000,7017739
2023-05-24 21:52:23,85000,2.656481981277466,0.2345038503408432,0.01,425000,7017739
2023-05-24 21:55:35,85200,2.488389015197754,0.1944180130958557,0.01,430000,7072747
2023-05-24 21:55:42,85400,2.5187854766845703,0.35549092292785645,0.01,430000,7072747
2023-05-24 21:55:50,85600,2.716641664505005,0.3649243712425232,0.01,430000,7072747
2023-05-24 21:55:58,85800,2.833972930908203,0.28722476959228516,0.01,430000,7072747
2023-05-24 21:56:05,86000,2.450695514678955,0.29907047748565674,0.01,430000,7072747
2023-05-24 21:59:18,86200,2.4743382930755615,0.25867539644241333,0.01,435000,7127373
2023-05-24 21:59:25,86400,2.4193906784057617,0.3310008943080902,0.01,435000,7127373
2023-05-24 21:59:33,86600,2.622535228729248,0.25682175159454346,0.01,435000,7127373
2023-05-24 21:59:40,86800,2.649789333343506,0.33489924669265747,0.01,435000,7127373
2023-05-24 21:59:48,87000,2.818920612335205,0.3214089870452881,0.01,435000,7127373
2023-05-24 22:03:03,87200,2.58186674118042,0.3171827495098114,0.01,440000,7182992
2023-05-24 22:03:10,87400,2.5828113555908203,0.33952203392982483,0.01,440000,7182992
2023-05-24 22:03:18,87600,2.664722204208374,0.3206409811973572,0.01,440000,7182992
2023-05-24 22:03:25,87800,2.7311956882476807,0.37936127185821533,0.01,440000,7182992
2023-05-24 22:03:33,88000,2.631587266921997,0.28764963150024414,0.01,440000,7182992
2023-05-24 22:06:53,88200,2.6694791316986084,0.3659122586250305,0.01,445000,7240817
2023-05-24 22:07:01,88400,2.743194103240967,0.36110034584999084,0.01,445000,7240817
2023-05-24 22:07:08,88600,2.5780720710754395,0.2964714765548706,0.01,445000,7240817
2023-05-24 22:07:16,88800,2.6536612510681152,0.31093019247055054,0.01,445000,7240817
2023-05-24 22:07:23,89000,2.4461891651153564,0.212344229221344,0.01,445000,7240817
2023-05-24 22:10:42,89200,2.624861240386963,0.31034260988235474,0.01,450000,7297804
2023-05-24 22:10:50,89400,2.65036678314209,0.2159704864025116,0.01,450000,7297804
2023-05-24 22:10:57,89600,2.6172285079956055,0.3361043632030487,0.01,450000,7297804
2023-05-24 22:11:05,89800,2.8790698051452637,0.245240718126297,0.01,450000,7297804
2023-05-24 22:11:12,90000,2.625112533569336,0.31340959668159485,0.01,450000,7297804
2023-05-24 22:14:26,90200,2.7965738773345947,0.23847508430480957,0.01,455000,7353767
2023-05-24 22:14:33,90400,2.7235355377197266,0.27681493759155273,0.01,455000,7353767
2023-05-24 22:14:41,90600,2.7870166301727295,0.38396918773651123,0.01,455000,7353767
2023-05-24 22:14:49,90800,2.593343734741211,0.2990987300872803,0.01,455000,7353767
2023-05-24 22:14:56,91000,2.4534995555877686,0.28698232769966125,0.01,455000,7353767
2023-05-24 22:18:16,91200,2.567735195159912,0.22669485211372375,0.01,460000,7410775
2023-05-24 22:18:23,91400,2.498114585876465,0.3159937858581543,0.01,460000,7410775
2023-05-24 22:18:31,91600,2.749927043914795,0.23679691553115845,0.01,460000,7410775
2023-05-24 22:18:39,91800,2.6439034938812256,0.30134114623069763,0.01,460000,7410775
2023-05-24 22:18:46,92000,2.655884027481079,0.2964436113834381,0.01,460000,7410775
2023-05-24 22:22:02,92200,2.6960487365722656,0.3302864134311676,0.01,465000,7467693
2023-05-24 22:22:10,92400,2.5852138996124268,0.3664747178554535,0.01,465000,7467693
2023-05-24 22:22:17,92600,2.720041275024414,0.2936016321182251,0.01,465000,7467693
2023-05-24 22:22:25,92800,2.7081449031829834,0.2807214856147766,0.01,465000,7467693
2023-05-24 22:22:33,93000,2.7174489498138428,0.288556843996048,0.01,465000,7467693
2023-05-24 22:25:53,93200,2.6144630908966064,0.2675309479236603,0.01,470000,7524542
2023-05-24 22:26:01,93400,2.700406551361084,0.23271548748016357,0.01,470000,7524542
2023-05-24 22:26:08,93600,2.640552282333374,0.23471784591674805,0.01,470000,7524542
2023-05-24 22:26:16,93800,2.699103355407715,0.16217316687107086,0.01,470000,7524542
2023-05-24 22:26:23,94000,2.746249198913574,0.22639790177345276,0.01,470000,7524542
2023-05-24 22:29:46,94200,2.6105692386627197,0.3095282316207886,0.01,475000,7581862
2023-05-24 22:29:54,94400,2.765415668487549,0.2667943239212036,0.01,475000,7581862
2023-05-24 22:30:02,94600,2.688563346862793,0.3666948080062866,0.01,475000,7581862
2023-05-24 22:30:09,94800,2.5854790210723877,0.2535844147205353,0.01,475000,7581862
2023-05-24 22:30:17,95000,2.5311036109924316,0.24762563407421112,0.01,475000,7581862
2023-05-24 22:33:31,95200,2.453543186187744,0.2692420482635498,0.01,480000,7637357
2023-05-24 22:33:39,95400,2.7015981674194336,0.23737698793411255,0.01,480000,7637357
2023-05-24 22:33:46,95600,2.351778030395508,0.322775661945343,0.01,480000,7637357
2023-05-24 22:33:54,95800,2.4711923599243164,0.32701507210731506,0.01,480000,7637357
2023-05-24 22:34:01,96000,2.79860520362854,0.29803356528282166,0.01,480000,7637357
2023-05-24 22:37:18,96200,2.6260409355163574,0.31878775358200073,0.01,485000,7693584
2023-05-24 22:37:26,96400,2.6708617210388184,0.2748498022556305,0.01,485000,7693584
2023-05-24 22:37:33,96600,2.66802716255188,0.2754618525505066,0.01,485000,7693584
2023-05-24 22:37:41,96800,2.7547831535339355,0.22089335322380066,0.01,485000,7693584
2023-05-24 22:37:48,97000,2.7097911834716797,0.33888667821884155,0.01,485000,7693584
2023-05-24 22:41:03,97200,2.643702745437622,0.30815568566322327,0.01,490000,7748807
2023-05-24 22:41:11,97400,2.619255542755127,0.20305219292640686,0.01,490000,7748807
2023-05-24 22:41:18,97600,2.4846982955932617,0.27045464515686035,0.01,490000,7748807
2023-05-24 22:41:26,97800,2.5871407985687256,0.2379784733057022,0.01,490000,7748807
2023-05-24 22:41:34,98000,2.647677183151245,0.16710209846496582,0.01,490000,7748807
2023-05-24 22:44:54,98200,2.788738250732422,0.22741863131523132,0.01,495000,7805568
2023-05-24 22:45:01,98400,2.729388475418091,0.2623552083969116,0.01,495000,7805568
2023-05-24 22:45:09,98600,2.6908159255981445,0.29210367798805237,0.01,495000,7805568
2023-05-24 22:45:16,98800,2.8241076469421387,0.2625357508659363,0.01,495000,7805568
2023-05-24 22:45:24,99000,2.4784317016601562,0.24673429131507874,0.01,495000,7805568
2023-05-24 22:48:44,99200,2.604306221008301,0.23243534564971924,0.01,500000,7862123
2023-05-24 22:48:52,99400,2.6740477085113525,0.20750370621681213,0.01,500000,7862123
2023-05-24 22:48:59,99600,2.3917224407196045,0.25927475094795227,0.01,500000,7862123
2023-05-24 22:49:07,99800,2.4895472526550293,0.1541290581226349,0.01,500000,7862123
2023-05-24 22:49:14,100000,2.5547609329223633,0.24059253931045532,0.001,500000,7862123
2023-05-24 22:52:30,100200,2.6952409744262695,0.2639898657798767,0.001,505000,7917230
2023-05-24 22:52:37,100400,2.630542516708374,0.27657222747802734,0.001,505000,7917230
2023-05-24 22:52:45,100600,2.745211362838745,0.22659741342067719,0.001,505000,7917230
2023-05-24 22:52:53,100800,2.599824905395508,0.2673836350440979,0.001,505000,7917230
2023-05-24 22:53:00,101000,2.6526193618774414,0.18117830157279968,0.001,505000,7917230
2023-05-24 22:56:19,101200,2.834178924560547,0.19013118743896484,0.001,510000,7973160
2023-05-24 22:56:27,101400,2.659852981567383,0.31581228971481323,0.001,510000,7973160
2023-05-24 22:56:35,101600,2.682828426361084,0.27252626419067383,0.001,510000,7973160
2023-05-24 22:56:42,101800,2.6664199829101562,0.3081705868244171,0.001,510000,7973160
2023-05-24 22:56:50,102000,2.616973400115967,0.23690125346183777,0.001,510000,7973160
2023-05-24 23:00:08,102200,2.5286214351654053,0.18963845074176788,0.001,515000,8028696
2023-05-24 23:00:16,102400,2.7687888145446777,0.22582471370697021,0.001,515000,8028696
2023-05-24 23:00:23,102600,2.4538774490356445,0.21938742697238922,0.001,515000,8028696
2023-05-24 23:00:31,102800,2.777323007583618,0.18210473656654358,0.001,515000,8028696
2023-05-24 23:00:38,103000,2.618440628051758,0.2034858912229538,0.001,515000,8028696
2023-05-24 23:03:57,103200,2.691716194152832,0.24400141835212708,0.001,520000,8084613
2023-05-24 23:04:04,103400,2.61446475982666,0.2028304636478424,0.001,520000,8084613
2023-05-24 23:04:12,103600,2.6353600025177,0.14606502652168274,0.001,520000,8084613
2023-05-24 23:04:20,103800,2.8876757621765137,0.20124423503875732,0.001,520000,8084613
2023-05-24 23:04:27,104000,2.5162782669067383,0.22808226943016052,0.001,520000,8084613
2023-05-24 23:07:48,104200,2.696692943572998,0.2017066776752472,0.001,525000,8140955
2023-05-24 23:07:56,104400,2.6321582794189453,0.19740645587444305,0.001,525000,8140955
2023-05-24 23:08:03,104600,2.75344181060791,0.18536785244941711,0.001,525000,8140955
2023-05-24 23:08:11,104800,2.7540526390075684,0.21544957160949707,0.001,525000,8140955
2023-05-24 23:08:18,105000,2.625255823135376,0.22932274639606476,0.001,525000,8140955
2023-05-24 23:11:37,105200,2.685401439666748,0.16911199688911438,0.001,530000,8196932
2023-05-24 23:11:45,105400,2.72519588470459,0.1996489018201828,0.001,530000,8196932
2023-05-24 23:11:52,105600,2.441863536834717,0.12326113879680634,0.001,530000,8196932
2023-05-24 23:12:00,105800,2.638225793838501,0.2251412272453308,0.001,530000,8196932
2023-05-24 23:12:07,106000,2.5432369709014893,0.24263672530651093,0.001,530000,8196932
2023-05-24 23:15:26,106200,2.758601188659668,0.17367789149284363,0.001,535000,8252751
2023-05-24 23:15:34,106400,2.6835217475891113,0.1884436309337616,0.001,535000,8252751
2023-05-24 23:15:41,106600,2.713231325149536,0.24756383895874023,0.001,535000,8252751
2023-05-24 23:15:49,106800,2.5871927738189697,0.20909595489501953,0.001,535000,8252751
2023-05-24 23:15:57,107000,2.4257431030273438,0.269550085067749,0.001,535000,8252751
2023-05-24 23:19:13,107200,2.6761415004730225,0.18934983015060425,0.001,540000,8308085
2023-05-24 23:19:21,107400,2.7431814670562744,0.19318491220474243,0.001,540000,8308085
2023-05-24 23:19:29,107600,2.739086627960205,0.14356671273708344,0.001,540000,8308085
2023-05-24 23:19:36,107800,2.636417865753174,0.19249942898750305,0.001,540000,8308085
2023-05-24 23:19:44,108000,2.718196392059326,0.15140579640865326,0.001,540000,8308085
2023-05-24 23:23:01,108200,2.434873104095459,0.12201564013957977,0.001,545000,8363107
2023-05-24 23:23:08,108400,2.5866081714630127,0.19597575068473816,0.001,545000,8363107
2023-05-24 23:23:16,108600,2.7861623764038086,0.15649886429309845,0.001,545000,8363107
2023-05-24 23:23:24,108800,2.614494800567627,0.25762131810188293,0.001,545000,8363107
2023-05-24 23:23:31,109000,2.5776422023773193,0.2615879774093628,0.001,545000,8363107
2023-05-24 23:26:50,109200,2.7309818267822266,0.183683842420578,0.001,550000,8418536
2023-05-24 23:26:57,109400,2.7691705226898193,0.1796124428510666,0.001,550000,8418536
2023-05-24 23:27:05,109600,2.5833864212036133,0.18748345971107483,0.001,550000,8418536
2023-05-24 23:27:12,109800,2.538604974746704,0.21962100267410278,0.001,550000,8418536
2023-05-24 23:27:20,110000,2.6541013717651367,0.14956244826316833,0.001,550000,8418536
2023-05-24 23:30:36,110200,2.6072914600372314,0.16127747297286987,0.001,555000,8473487
2023-05-24 23:30:44,110400,2.644650936126709,0.1593172252178192,0.001,555000,8473487
2023-05-24 23:30:51,110600,2.740915536880493,0.15022437274456024,0.001,555000,8473487
2023-05-24 23:30:59,110800,2.6092348098754883,0.20097047090530396,0.001,555000,8473487
2023-05-24 23:31:06,111000,2.69329833984375,0.2204820215702057,0.001,555000,8473487
2023-05-24 23:34:23,111200,2.6834726333618164,0.24562427401542664,0.001,560000,8529002
2023-05-24 23:34:31,111400,2.5493006706237793,0.19893330335617065,0.001,560000,8529002
2023-05-24 23:34:39,111600,2.5811967849731445,0.15042969584465027,0.001,560000,8529002
2023-05-24 23:34:47,111800,2.6978588104248047,0.13042396306991577,0.001,560000,8529002
2023-05-24 23:34:54,112000,2.640363931655884,0.1731739044189453,0.001,560000,8529002
2023-05-24 23:38:10,112200,2.886080741882324,0.16661663353443146,0.001,565000,8584216
2023-05-24 23:38:18,112400,2.795459032058716,0.08699243515729904,0.001,565000,8584216
2023-05-24 23:38:26,112600,2.7261805534362793,0.18029537796974182,0.001,565000,8584216
2023-05-24 23:38:33,112800,2.4755008220672607,0.0968378335237503,0.001,565000,8584216
2023-05-24 23:38:41,113000,2.6528005599975586,0.12619265913963318,0.001,565000,8584216
2023-05-24 23:41:59,113200,2.641115427017212,0.15175870060920715,0.001,570000,8639946
2023-05-24 23:42:07,113400,2.688960552215576,0.14148756861686707,0.001,570000,8639946
2023-05-24 23:42:14,113600,2.636967658996582,0.16282974183559418,0.001,570000,8639946
2023-05-24 23:42:22,113800,2.6785011291503906,0.15744648873806,0.001,570000,8639946
2023-05-24 23:42:30,114000,2.568056106567383,0.16494989395141602,0.001,570000,8639946
2023-05-24 23:45:45,114200,2.6538426876068115,0.17837302386760712,0.001,575000,8694677
2023-05-24 23:45:53,114400,2.4716663360595703,0.08619651198387146,0.001,575000,8694677
2023-05-24 23:46:01,114600,2.399210214614868,0.22115059196949005,0.001,575000,8694677
2023-05-24 23:46:08,114800,2.5554401874542236,0.13647061586380005,0.001,575000,8694677
2023-05-24 23:46:16,115000,2.5584828853607178,0.16634613275527954,0.001,575000,8694677
2023-05-24 23:49:34,115200,2.725583553314209,0.15912079811096191,0.001,580000,8750482
2023-05-24 23:49:41,115400,2.629404067993164,0.1527882218360901,0.001,580000,8750482
2023-05-24 23:49:49,115600,2.68123459815979,0.2020348310470581,0.001,580000,8750482
2023-05-24 23:49:56,115800,2.658252000808716,0.14236010611057281,0.001,580000,8750482
2023-05-24 23:50:04,116000,2.518056631088257,0.17188435792922974,0.001,580000,8750482
2023-05-24 23:53:21,116200,2.666416645050049,0.10652723908424377,0.001,585000,8805989
2023-05-24 23:53:29,116400,2.7266626358032227,0.1781071424484253,0.001,585000,8805989
2023-05-24 23:53:37,116600,2.801732301712036,0.14566460251808167,0.001,585000,8805989
2023-05-24 23:53:44,116800,2.5616977214813232,0.21662892401218414,0.001,585000,8805989
2023-05-24 23:53:52,117000,2.8409175872802734,0.19776788353919983,0.001,585000,8805989
2023-05-24 23:57:06,117200,2.6015124320983887,0.20499911904335022,0.001,590000,8860465
2023-05-24 23:57:13,117400,2.656200885772705,0.15704743564128876,0.001,590000,8860465
2023-05-24 23:57:21,117600,2.5453522205352783,0.13008137047290802,0.001,590000,8860465
2023-05-24 23:57:29,117800,2.6477785110473633,0.11392698436975479,0.001,590000,8860465
2023-05-24 23:57:36,118000,2.5896432399749756,0.1248822808265686,0.001,590000,8860465
2023-05-25 00:00:53,118200,2.575382709503174,0.12075525522232056,0.001,595000,8915743
2023-05-25 00:01:00,118400,2.6463558673858643,0.1555471569299698,0.001,595000,8915743
2023-05-25 00:01:08,118600,2.605895519256592,0.22575531899929047,0.001,595000,8915743
2023-05-25 00:01:16,118800,2.5218636989593506,0.11874370276927948,0.001,595000,8915743
2023-05-25 00:01:23,119000,2.577444314956665,0.217352956533432,0.001,595000,8915743
2023-05-25 00:04:40,119200,2.54935622215271,0.09209995716810226,0.001,600000,8971148
2023-05-25 00:04:48,119400,2.5053229331970215,0.18723052740097046,0.001,600000,8971148
2023-05-25 00:04:55,119600,2.6701273918151855,0.13588456809520721,0.001,600000,8971148
2023-05-25 00:05:03,119800,2.656560182571411,0.10447701811790466,0.001,600000,8971148
2023-05-25 00:05:10,120000,2.7356560230255127,0.15997007489204407,0.001,600000,8971148
2023-05-25 00:08:26,120200,2.433027744293213,0.15371738374233246,0.001,605000,9026309
2023-05-25 00:08:34,120400,2.55385160446167,0.14395272731781006,0.001,605000,9026309
2023-05-25 00:08:41,120600,2.763260841369629,0.16983655095100403,0.001,605000,9026309
2023-05-25 00:08:49,120800,2.672886848449707,0.1540699005126953,0.001,605000,9026309
2023-05-25 00:08:56,121000,2.642397403717041,0.21546070277690887,0.001,605000,9026309
2023-05-25 00:12:09,121200,2.6040802001953125,0.2187960147857666,0.001,610000,9080787
2023-05-25 00:12:17,121400,2.6190404891967773,0.17679308354854584,0.001,610000,9080787
2023-05-25 00:12:25,121600,2.7620630264282227,0.1498500257730484,0.001,610000,9080787
2023-05-25 00:12:32,121800,2.82277774810791,0.24157120287418365,0.001,610000,9080787
2023-05-25 00:12:40,122000,2.6653308868408203,0.15157246589660645,0.001,610000,9080787
2023-05-25 00:15:54,122200,2.6745848655700684,0.12867310643196106,0.001,615000,9135636
2023-05-25 00:16:02,122400,2.578765869140625,0.08340831845998764,0.001,615000,9135636
2023-05-25 00:16:10,122600,2.5802974700927734,0.28668126463890076,0.001,615000,9135636
2023-05-25 00:16:17,122800,2.4893152713775635,0.18982939422130585,0.001,615000,9135636
2023-05-25 00:16:25,123000,2.6235127449035645,0.09806832671165466,0.001,615000,9135636
2023-05-25 00:19:39,123200,2.656606674194336,0.08935554325580597,0.001,620000,9189959
2023-05-25 00:19:46,123400,2.5379323959350586,0.1809529960155487,0.001,620000,9189959
2023-05-25 00:19:54,123600,2.676478862762451,0.19882060587406158,0.001,620000,9189959
2023-05-25 00:20:02,123800,2.6143417358398438,0.1377183496952057,0.001,620000,9189959
2023-05-25 00:20:09,124000,2.715261220932007,0.1895155906677246,0.001,620000,9189959
2023-05-25 00:23:23,124200,2.37312650680542,0.1849290430545807,0.001,625000,9245091
2023-05-25 00:23:31,124400,2.60014009475708,0.09120708703994751,0.001,625000,9245091
2023-05-25 00:23:39,124600,2.7113149166107178,0.13901275396347046,0.001,625000,9245091
2023-05-25 00:23:46,124800,2.715503215789795,0.2472667396068573,0.001,625000,9245091
2023-05-25 00:23:54,125000,2.697932481765747,0.13517852127552032,0.001,625000,9245091
2023-05-25 00:27:08,125200,2.6049067974090576,0.18639618158340454,0.001,630000,9299789
2023-05-25 00:27:16,125400,2.501131057739258,0.15710888803005219,0.001,630000,9299789
2023-05-25 00:27:23,125600,2.5623841285705566,0.12251056730747223,0.001,630000,9299789
2023-05-25 00:27:31,125800,2.6355652809143066,0.1553812026977539,0.001,630000,9299789
2023-05-25 00:27:38,126000,2.612973213195801,0.13016104698181152,0.001,630000,9299789
2023-05-25 00:30:51,126200,2.6588730812072754,0.19487757980823517,0.001,635000,9353965
2023-05-25 00:30:59,126400,2.738539695739746,0.12397382408380508,0.001,635000,9353965
2023-05-25 00:31:07,126600,2.868668794631958,0.0967433825135231,0.001,635000,9353965
2023-05-25 00:31:14,126800,2.609647512435913,0.18078193068504333,0.001,635000,9353965
2023-05-25 00:31:22,127000,2.86885404586792,0.16047818958759308,0.001,635000,9353965
2023-05-25 00:34:34,127200,2.706709384918213,0.1499544382095337,0.001,640000,9408036
2023-05-25 00:34:42,127400,2.493104934692383,0.1575588881969452,0.001,640000,9408036
2023-05-25 00:34:50,127600,2.553009033203125,0.0810483992099762,0.001,640000,9408036
2023-05-25 00:34:57,127800,2.562530279159546,0.19403916597366333,0.001,640000,9408036
2023-05-25 00:35:05,128000,2.8740317821502686,0.12476973980665207,0.001,640000,9408036
2023-05-25 00:38:17,128200,2.4775242805480957,0.16655874252319336,0.001,645000,9462090
2023-05-25 00:38:25,128400,2.5144290924072266,0.07418140769004822,0.001,645000,9462090
2023-05-25 00:38:32,128600,2.6561503410339355,0.04617639258503914,0.001,645000,9462090
2023-05-25 00:38:40,128800,2.826249122619629,0.07448285073041916,0.001,645000,9462090
2023-05-25 00:38:47,129000,2.6290788650512695,0.08193002641201019,0.001,645000,9462090
2023-05-25 00:42:01,129200,2.6310088634490967,0.11543960124254227,0.001,650000,9516802
2023-05-25 00:42:09,129400,2.602705478668213,0.1512334942817688,0.001,650000,9516802
2023-05-25 00:42:16,129600,2.595010280609131,0.26040399074554443,0.001,650000,9516802
2023-05-25 00:42:24,129800,2.5232834815979004,0.08487699925899506,0.001,650000,9516802
2023-05-25 00:42:31,130000,2.5705952644348145,0.09670649468898773,0.001,650000,9516802
2023-05-25 00:45:44,130200,2.6198384761810303,0.16238091886043549,0.001,655000,9571178
2023-05-25 00:45:52,130400,2.933269500732422,0.1020086407661438,0.001,655000,9571178
2023-05-25 00:45:59,130600,2.709500789642334,0.18036110699176788,0.001,655000,9571178
2023-05-25 00:46:07,130800,2.405377149581909,0.1410515308380127,0.001,655000,9571178
2023-05-25 00:46:15,131000,2.8441524505615234,0.1493682563304901,0.001,655000,9571178
2023-05-25 00:49:27,131200,2.446089506149292,0.1308266818523407,0.001,660000,9625246
2023-05-25 00:49:35,131400,2.7200560569763184,0.11714871227741241,0.001,660000,9625246
2023-05-25 00:49:42,131600,2.8649654388427734,0.2311156690120697,0.001,660000,9625246
2023-05-25 00:49:50,131800,2.650242805480957,0.16356828808784485,0.001,660000,9625246
2023-05-25 00:49:57,132000,2.580404758453369,0.1265300214290619,0.001,660000,9625246
2023-05-25 00:53:11,132200,2.4385952949523926,0.12002836167812347,0.001,665000,9679648
2023-05-25 00:53:18,132400,2.6614933013916016,0.23383119702339172,0.001,665000,9679648
2023-05-25 00:53:26,132600,2.3170313835144043,0.17900986969470978,0.001,665000,9679648
2023-05-25 00:53:33,132800,2.6633729934692383,0.1453213095664978,0.001,665000,9679648
2023-05-25 00:53:41,133000,2.4464592933654785,0.18304339051246643,0.001,665000,9679648
2023-05-25 00:56:56,133200,2.617553234100342,0.08849646151065826,0.001,670000,9734466
2023-05-25 00:57:04,133400,2.631016731262207,0.1104428842663765,0.001,670000,9734466
2023-05-25 00:57:11,133600,2.5664238929748535,0.12763343751430511,0.001,670000,9734466
2023-05-25 00:57:19,133800,2.6835238933563232,0.10528524219989777,0.001,670000,9734466
2023-05-25 00:57:26,134000,2.6787948608398438,0.17224614322185516,0.001,670000,9734466
2023-05-25 01:00:40,134200,2.682880401611328,0.16773052513599396,0.001,675000,9789155
2023-05-25 01:00:47,134400,2.582456111907959,0.1504237949848175,0.001,675000,9789155
2023-05-25 01:00:55,134600,2.5784554481506348,0.06968715786933899,0.001,675000,9789155
2023-05-25 01:01:03,134800,2.7239534854888916,0.09247379750013351,0.001,675000,9789155
2023-05-25 01:01:10,135000,2.583488941192627,0.17886778712272644,0.001,675000,9789155
2023-05-25 01:04:23,135200,2.5591702461242676,0.1338624656200409,0.001,680000,9843497
2023-05-25 01:04:31,135400,2.662510871887207,0.10817411541938782,0.001,680000,9843497
2023-05-25 01:04:39,135600,2.378772020339966,0.1441473811864853,0.001,680000,9843497
2023-05-25 01:04:46,135800,2.613629102706909,0.0765034407377243,0.001,680000,9843497
2023-05-25 01:04:54,136000,2.731583595275879,0.07672867178916931,0.001,680000,9843497
2023-05-25 01:08:07,136200,2.9126229286193848,0.08313055336475372,0.001,685000,9898118
2023-05-25 01:08:14,136400,2.63578462600708,0.17510080337524414,0.001,685000,9898118
2023-05-25 01:08:22,136600,2.690384864807129,0.05518496036529541,0.001,685000,9898118
2023-05-25 01:08:30,136800,2.6652793884277344,0.1260852962732315,0.001,685000,9898118
2023-05-25 01:08:37,137000,2.81756591796875,0.08443945646286011,0.001,685000,9898118
2023-05-25 01:11:52,137200,2.6108503341674805,0.10173735022544861,0.001,690000,9952902
2023-05-25 01:11:59,137400,2.5889732837677,0.14320752024650574,0.001,690000,9952902
2023-05-25 01:12:07,137600,2.7421717643737793,0.10811293870210648,0.001,690000,9952902
2023-05-25 01:12:15,137800,2.690786838531494,0.14010968804359436,0.001,690000,9952902
2023-05-25 01:12:22,138000,2.726022720336914,0.16341568529605865,0.001,690000,9952902
2023-05-25 01:15:35,138200,2.6197657585144043,0.14801320433616638,0.001,695000,10007390
2023-05-25 01:15:43,138400,2.6860814094543457,0.11407215893268585,0.001,695000,10007390
2023-05-25 01:15:51,138600,2.4395103454589844,0.1259097158908844,0.001,695000,10007390
2023-05-25 01:15:58,138800,2.494431972503662,0.14620180428028107,0.001,695000,10007390
2023-05-25 01:16:06,139000,2.756193161010742,0.10334137082099915,0.001,695000,10007390
2023-05-25 01:19:17,139200,2.7257015705108643,0.1400924026966095,0.001,700000,10061870
2023-05-25 01:19:24,139400,2.5299553871154785,0.10903671383857727,0.001,700000,10061870
2023-05-25 01:19:31,139600,2.7238190174102783,0.10767783969640732,0.001,700000,10061870
2023-05-25 01:19:39,139800,2.5929481983184814,0.14338022470474243,0.001,700000,10061870
2023-05-25 01:19:46,140000,2.570377826690674,0.14557525515556335,0.001,700000,10061870
2023-05-25 01:22:58,140200,2.7523722648620605,0.1635080873966217,0.001,705000,10116446
2023-05-25 01:23:06,140400,2.615690231323242,0.2434682548046112,0.001,705000,10116446
2023-05-25 01:23:13,140600,2.57647967338562,0.13504639267921448,0.001,705000,10116446
2023-05-25 01:23:21,140800,2.5729315280914307,0.0759473368525505,0.001,705000,10116446
2023-05-25 01:23:29,141000,2.6586999893188477,0.12987545132637024,0.001,705000,10116446
2023-05-25 01:26:41,141200,2.560157060623169,0.056806378066539764,0.001,710000,10170691
2023-05-25 01:26:49,141400,2.6798741817474365,0.09283994138240814,0.001,710000,10170691
2023-05-25 01:26:57,141600,2.7504661083221436,0.09898652136325836,0.001,710000,10170691
2023-05-25 01:27:04,141800,2.4310598373413086,0.07622036337852478,0.001,710000,10170691
2023-05-25 01:27:12,142000,2.517019271850586,0.15607422590255737,0.001,710000,10170691
2023-05-25 01:30:23,142200,2.4445948600769043,0.16716888546943665,0.001,715000,10224874
2023-05-25 01:30:31,142400,2.732621192932129,0.15334928035736084,0.001,715000,10224874
2023-05-25 01:30:38,142600,2.7450125217437744,0.13490936160087585,0.001,715000,10224874
2023-05-25 01:30:46,142800,2.7592759132385254,0.14591585099697113,0.001,715000,10224874
2023-05-25 01:30:53,143000,2.753174066543579,0.07417662441730499,0.001,715000,10224874
2023-05-25 01:34:04,143200,2.5719099044799805,0.13548238575458527,0.001,720000,10278614
2023-05-25 01:34:12,143400,2.755082607269287,0.14686761796474457,0.001,720000,10278614
2023-05-25 01:34:19,143600,2.6081669330596924,0.15969330072402954,0.001,720000,10278614
2023-05-25 01:34:27,143800,2.473681688308716,0.07544192671775818,0.001,720000,10278614
2023-05-25 01:34:34,144000,2.828261375427246,0.10166709125041962,0.001,720000,10278614
2023-05-25 01:37:46,144200,2.483440399169922,0.10416403412818909,0.001,725000,10332396
2023-05-25 01:37:53,144400,2.607299327850342,0.16395685076713562,0.001,725000,10332396
2023-05-25 01:38:01,144600,2.706061363220215,0.11409144103527069,0.001,725000,10332396
2023-05-25 01:38:09,144800,2.667206287384033,0.09151554852724075,0.001,725000,10332396
2023-05-25 01:38:16,145000,2.721928596496582,0.12607786059379578,0.001,725000,10332396
2023-05-25 01:41:26,145200,2.795074462890625,0.14265890419483185,0.001,730000,10386416
2023-05-25 01:41:34,145400,2.769412040710449,0.06550294905900955,0.001,730000,10386416
2023-05-25 01:41:42,145600,2.745861530303955,0.10945286601781845,0.001,730000,10386416
2023-05-25 01:41:49,145800,2.7389307022094727,0.09856616705656052,0.001,730000,10386416
2023-05-25 01:41:57,146000,2.717540740966797,0.16173329949378967,0.001,730000,10386416
2023-05-25 01:45:10,146200,2.7549898624420166,0.04902680963277817,0.001,735000,10440754
2023-05-25 01:45:18,146400,2.7911839485168457,0.08542224019765854,0.001,735000,10440754
2023-05-25 01:45:25,146600,2.535381317138672,0.12322640419006348,0.001,735000,10440754
2023-05-25 01:45:33,146800,2.4878368377685547,0.1339343637228012,0.001,735000,10440754
2023-05-25 01:45:41,147000,2.5285048484802246,0.04480782896280289,0.001,735000,10440754
2023-05-25 01:48:54,147200,2.663985013961792,0.0694526880979538,0.001,740000,10494994
2023-05-25 01:49:02,147400,2.6586880683898926,0.139069065451622,0.001,740000,10494994
2023-05-25 01:49:09,147600,2.6496944427490234,0.09274496138095856,0.001,740000,10494994
2023-05-25 01:49:17,147800,2.5486340522766113,0.13535526394844055,0.001,740000,10494994
2023-05-25 01:49:24,148000,2.5441551208496094,0.09335458278656006,0.001,740000,10494994
2023-05-25 01:52:38,148200,2.6784632205963135,0.12931713461875916,0.001,745000,10549318
2023-05-25 01:52:45,148400,2.8548903465270996,0.08861717581748962,0.001,745000,10549318
2023-05-25 01:52:53,148600,2.746169328689575,0.11217142641544342,0.001,745000,10549318
2023-05-25 01:53:01,148800,2.5540120601654053,0.08430922031402588,0.001,745000,10549318
2023-05-25 01:53:08,149000,2.4870975017547607,0.10493842512369156,0.001,745000,10549318
2023-05-25 01:56:20,149200,2.585965633392334,0.13312913477420807,0.001,750000,10603639
2023-05-25 01:56:28,149400,2.7286758422851562,0.14370685815811157,0.001,750000,10603639
2023-05-25 01:56:36,149600,2.6621198654174805,0.09936682134866714,0.001,750000,10603639
2023-05-25 01:56:44,149800,2.660522937774658,0.06643681973218918,0.001,750000,10603639
2023-05-25 01:56:51,150000,2.667026996612549,0.07358845323324203,0.001,750000,10603639
2023-05-25 02:00:03,150200,2.6772360801696777,0.09614381194114685,0.001,755000,10657771
2023-05-25 02:00:11,150400,2.880032539367676,0.1155419871211052,0.001,755000,10657771
2023-05-25 02:00:18,150600,2.6122660636901855,0.09140878170728683,0.001,755000,10657771
2023-05-25 02:00:26,150800,2.565969467163086,0.16167551279067993,0.001,755000,10657771
2023-05-25 02:00:34,151000,2.4549663066864014,0.12085676193237305,0.001,755000,10657771
2023-05-25 02:03:48,151200,2.7372384071350098,0.15349721908569336,0.001,760000,10712728
2023-05-25 02:03:56,151400,2.523810386657715,0.08753187954425812,0.001,760000,10712728
2023-05-25 02:04:03,151600,2.7690420150756836,0.11911343038082123,0.001,760000,10712728
2023-05-25 02:04:11,151800,2.5249414443969727,0.10008244216442108,0.001,760000,10712728
2023-05-25 02:04:19,152000,2.7875821590423584,0.08102840930223465,0.001,760000,10712728
2023-05-25 02:07:30,152200,2.6024246215820312,0.09358670562505722,0.001,765000,10767000
2023-05-25 02:07:38,152400,2.7677505016326904,0.14231351017951965,0.001,765000,10767000
2023-05-25 02:07:46,152600,2.6993050575256348,0.12523117661476135,0.001,765000,10767000
2023-05-25 02:07:54,152800,2.5939559936523438,0.12897825241088867,0.001,765000,10767000
2023-05-25 02:08:01,153000,2.6629669666290283,0.1291467249393463,0.001,765000,10767000
2023-05-25 02:11:15,153200,2.510385274887085,0.11438504606485367,0.001,770000,10821603
2023-05-25 02:11:22,153400,2.7274258136749268,0.0778656154870987,0.001,770000,10821603
2023-05-25 02:11:30,153600,2.662417411804199,0.10281997919082642,0.001,770000,10821603
2023-05-25 02:11:38,153800,2.5977320671081543,0.07331568002700806,0.001,770000,10821603
2023-05-25 02:11:45,154000,2.5555579662323,0.12875524163246155,0.001,770000,10821603
2023-05-25 02:14:59,154200,2.5482165813446045,0.09044568240642548,0.001,775000,10876569
2023-05-25 02:15:07,154400,2.689387798309326,0.10649470239877701,0.001,775000,10876569
2023-05-25 02:15:14,154600,2.4658327102661133,0.13448084890842438,0.001,775000,10876569
2023-05-25 02:15:22,154800,2.7012882232666016,0.05696842819452286,0.001,775000,10876569
2023-05-25 02:15:30,155000,2.7535719871520996,0.08290714025497437,0.001,775000,10876569
2023-05-25 02:18:44,155200,2.574619770050049,0.10089058429002762,0.001,780000,10931264
2023-05-25 02:18:52,155400,2.7064342498779297,0.07959870994091034,0.001,780000,10931264
2023-05-25 02:19:00,155600,2.6406595706939697,0.13578824698925018,0.001,780000,10931264
2023-05-25 02:19:07,155800,2.7624359130859375,0.16486024856567383,0.001,780000,10931264
2023-05-25 02:19:15,156000,2.8034770488739014,0.0477188341319561,0.001,780000,10931264
2023-05-25 02:22:26,156200,2.660209894180298,0.11475832760334015,0.001,785000,10985144
2023-05-25 02:22:34,156400,2.575061798095703,0.10805539786815643,0.001,785000,10985144
2023-05-25 02:22:41,156600,2.5809640884399414,0.05333496630191803,0.001,785000,10985144
2023-05-25 02:22:49,156800,2.6662235260009766,0.04001937061548233,0.001,785000,10985144
2023-05-25 02:22:57,157000,2.4722509384155273,0.10286121815443039,0.001,785000,10985144
2023-05-25 02:26:09,157200,2.77882719039917,0.03196628764271736,0.001,790000,11039298
2023-05-25 02:26:17,157400,2.5496349334716797,0.08723241090774536,0.001,790000,11039298
2023-05-25 02:26:25,157600,2.7533724308013916,0.1370941400527954,0.001,790000,11039298
2023-05-25 02:26:32,157800,2.6423707008361816,0.12500575184822083,0.001,790000,11039298
2023-05-25 02:26:40,158000,2.6600682735443115,0.06632889062166214,0.001,790000,11039298
2023-05-25 02:29:51,158200,2.8424086570739746,0.10010356456041336,0.001,795000,11093213
2023-05-25 02:29:59,158400,2.7282915115356445,0.059492118656635284,0.001,795000,11093213
2023-05-25 02:30:07,158600,2.8295645713806152,0.1192605048418045,0.001,795000,11093213
2023-05-25 02:30:14,158800,2.6923909187316895,0.09065484255552292,0.001,795000,11093213
2023-05-25 02:30:22,159000,2.5144333839416504,0.08185930550098419,0.001,795000,11093213
2023-05-25 02:33:35,159200,2.7674784660339355,0.13104857504367828,0.001,800000,11147638
2023-05-25 02:33:43,159400,2.6162269115448,0.0576806366443634,0.001,800000,11147638
2023-05-25 02:33:51,159600,2.6120762825012207,0.07691358029842377,0.001,800000,11147638
2023-05-25 02:33:59,159800,2.7276647090911865,0.043022241443395615,0.001,800000,11147638
2023-05-25 02:34:07,160000,2.5054872035980225,0.10513561218976974,0.001,800000,11147638
2023-05-25 02:37:20,160200,2.7139015197753906,0.07151828706264496,0.001,805000,11201964
2023-05-25 02:37:28,160400,2.6341259479522705,0.1577460914850235,0.001,805000,11201964
2023-05-25 02:37:36,160600,2.717824697494507,0.11078308522701263,0.001,805000,11201964
2023-05-25 02:37:43,160800,2.677534818649292,0.06701546907424927,0.001,805000,11201964
2023-05-25 02:37:51,161000,2.690115451812744,0.11237205564975739,0.001,805000,11201964
2023-05-25 02:41:05,161200,2.8449931144714355,0.08417046070098877,0.001,810000,11256033
2023-05-25 02:41:12,161400,2.6280288696289062,0.12022127211093903,0.001,810000,11256033
2023-05-25 02:41:20,161600,2.5303268432617188,0.09270016849040985,0.001,810000,11256033
2023-05-25 02:41:27,161800,2.5904078483581543,0.06070006638765335,0.001,810000,11256033
2023-05-25 02:41:35,162000,2.7171850204467773,0.05325077846646309,0.001,810000,11256033
2023-05-25 02:44:49,162200,2.6399736404418945,0.06907095015048981,0.001,815000,11310194
2023-05-25 02:44:56,162400,2.5196428298950195,0.06240496039390564,0.001,815000,11310194
2023-05-25 02:45:04,162600,2.566967725753784,0.16590136289596558,0.001,815000,11310194
2023-05-25 02:45:11,162800,2.723327875137329,0.08593902736902237,0.001,815000,11310194
2023-05-25 02:45:19,163000,2.7496838569641113,0.07607308030128479,0.001,815000,11310194
2023-05-25 02:48:33,163200,2.574007749557495,0.06690385192632675,0.001,820000,11364789
2023-05-25 02:48:41,163400,2.6087088584899902,0.08341388404369354,0.001,820000,11364789
2023-05-25 02:48:48,163600,2.8737847805023193,0.1427285373210907,0.001,820000,11364789
2023-05-25 02:48:56,163800,2.7185206413269043,0.1090538501739502,0.001,820000,11364789
2023-05-25 02:49:03,164000,2.7136874198913574,0.08182720839977264,0.001,820000,11364789
2023-05-25 02:52:17,164200,2.6147308349609375,0.12822037935256958,0.001,825000,11419124
2023-05-25 02:52:25,164400,2.6692543029785156,0.10673514008522034,0.001,825000,11419124
2023-05-25 02:52:32,164600,2.5483999252319336,0.11689059436321259,0.001,825000,11419124
2023-05-25 02:52:40,164800,2.7927656173706055,0.03811382129788399,0.001,825000,11419124
2023-05-25 02:52:48,165000,2.6628775596618652,0.05995393916964531,0.001,825000,11419124
2023-05-25 02:55:58,165200,2.5366015434265137,0.053547292947769165,0.001,830000,11472694
2023-05-25 02:56:06,165400,2.5306458473205566,0.0453471802175045,0.001,830000,11472694
2023-05-25 02:56:13,165600,2.72632098197937,0.1227235198020935,0.001,830000,11472694
2023-05-25 02:56:21,165800,2.762328624725342,0.08229236304759979,0.001,830000,11472694
2023-05-25 02:56:29,166000,2.650113344192505,0.07936099916696548,0.001,830000,11472694
2023-05-25 02:59:43,166200,2.5998075008392334,0.03365150839090347,0.001,835000,11526561
2023-05-25 02:59:51,166400,2.6592092514038086,0.09828469157218933,0.001,835000,11526561
2023-05-25 02:59:58,166600,2.901071071624756,0.08504649996757507,0.001,835000,11526561
2023-05-25 03:00:06,166800,2.6085634231567383,0.04072800278663635,0.001,835000,11526561
2023-05-25 03:00:14,167000,2.5811543464660645,0.08294128626585007,0.001,835000,11526561
2023-05-25 03:03:27,167200,2.781970739364624,0.07173451781272888,0.001,840000,11581065
2023-05-25 03:03:35,167400,2.5949246883392334,0.09850860387086868,0.001,840000,11581065
2023-05-25 03:03:43,167600,2.700495719909668,0.08972273766994476,0.001,840000,11581065
2023-05-25 03:03:51,167800,2.6152608394622803,0.0669553354382515,0.001,840000,11581065
2023-05-25 03:03:58,168000,2.793574333190918,0.030590850859880447,0.001,840000,11581065
2023-05-25 03:07:10,168200,2.6377344131469727,0.08742658793926239,0.001,845000,11635241
2023-05-25 03:07:17,168400,2.6384613513946533,0.1140701174736023,0.001,845000,11635241
2023-05-25 03:07:25,168600,2.568171501159668,0.09348291903734207,0.001,845000,11635241
2023-05-25 03:07:33,168800,2.431529998779297,0.08457452803850174,0.001,845000,11635241
2023-05-25 03:07:40,169000,2.7281198501586914,0.1192377358675003,0.001,845000,11635241
2023-05-25 03:10:51,169200,2.7119641304016113,0.11931034177541733,0.001,850000,11688645
2023-05-25 03:10:58,169400,2.7862982749938965,0.10391248762607574,0.001,850000,11688645
2023-05-25 03:11:06,169600,2.5518972873687744,0.1442204713821411,0.001,850000,11688645
2023-05-25 03:11:13,169800,2.5569710731506348,0.07692871242761612,0.001,850000,11688645
2023-05-25 03:11:21,170000,2.687978506088257,0.09584755450487137,0.001,850000,11688645
2023-05-25 03:14:34,170200,2.7978062629699707,0.12342768907546997,0.001,855000,11742354
2023-05-25 03:14:41,170400,2.5726308822631836,0.07114715874195099,0.001,855000,11742354
2023-05-25 03:14:49,170600,2.588996410369873,0.08626489341259003,0.001,855000,11742354
2023-05-25 03:14:57,170800,2.6939311027526855,0.07570198178291321,0.001,855000,11742354
2023-05-25 03:15:05,171000,2.439887523651123,0.07433904707431793,0.001,855000,11742354
2023-05-25 03:18:17,171200,2.6948394775390625,0.08316285908222198,0.001,860000,11796053
2023-05-25 03:18:25,171400,2.636784076690674,0.03955204784870148,0.001,860000,11796053
2023-05-25 03:18:32,171600,2.6972768306732178,0.055060576647520065,0.001,860000,11796053
2023-05-25 03:18:40,171800,2.8513011932373047,0.0431772843003273,0.001,860000,11796053
2023-05-25 03:18:48,172000,2.6015915870666504,0.11505263298749924,0.001,860000,11796053
2023-05-25 03:22:00,172200,2.639627456665039,0.05557290464639664,0.001,865000,11849691
2023-05-25 03:22:08,172400,2.6227221488952637,0.09262897819280624,0.001,865000,11849691
2023-05-25 03:22:15,172600,2.576141834259033,0.08912565559148788,0.001,865000,11849691
2023-05-25 03:22:22,172800,2.7286360263824463,0.08130434155464172,0.001,865000,11849691
2023-05-25 03:22:30,173000,2.6388163566589355,0.1088116466999054,0.001,865000,11849691
2023-05-25 03:25:40,173200,2.5503041744232178,0.08042459189891815,0.001,870000,11902875
2023-05-25 03:25:47,173400,2.519442558288574,0.10850559175014496,0.001,870000,11902875
2023-05-25 03:25:55,173600,2.7861056327819824,0.04947861284017563,0.001,870000,11902875
2023-05-25 03:26:03,173800,2.666055679321289,0.06359849870204926,0.001,870000,11902875
2023-05-25 03:26:10,174000,2.804586410522461,0.1324475109577179,0.001,870000,11902875
2023-05-25 03:29:20,174200,2.7795021533966064,0.058411985635757446,0.001,875000,11956186
2023-05-25 03:29:28,174400,2.4920547008514404,0.04823984578251839,0.001,875000,11956186
2023-05-25 03:29:36,174600,2.496147632598877,0.10745453834533691,0.001,875000,11956186
2023-05-25 03:29:44,174800,2.4839696884155273,0.05633854866027832,0.001,875000,11956186
2023-05-25 03:29:51,175000,2.8431496620178223,0.02979923039674759,0.001,875000,11956186
2023-05-25 03:33:04,175200,2.625297784805298,0.03594999387860298,0.001,880000,12010047
2023-05-25 03:33:12,175400,2.476095676422119,0.05307711660861969,0.001,880000,12010047
2023-05-25 03:33:19,175600,2.702251434326172,0.0837857574224472,0.001,880000,12010047
2023-05-25 03:33:27,175800,2.632632255554199,0.10265147686004639,0.001,880000,12010047
2023-05-25 03:33:35,176000,2.607670783996582,0.11406856775283813,0.001,880000,12010047
2023-05-25 03:36:45,176200,2.600635528564453,0.05246271565556526,0.001,885000,12063600
2023-05-25 03:36:53,176400,2.684028148651123,0.06188765913248062,0.001,885000,12063600
2023-05-25 03:37:00,176600,2.7651355266571045,0.0801963061094284,0.001,885000,12063600
2023-05-25 03:37:08,176800,2.6487765312194824,0.0764080286026001,0.001,885000,12063600
2023-05-25 03:37:16,177000,2.5428333282470703,0.10631610453128815,0.001,885000,12063600
2023-05-25 03:40:27,177200,2.662825345993042,0.06243997812271118,0.001,890000,12117092
2023-05-25 03:40:35,177400,2.79079008102417,0.09994755685329437,0.001,890000,12117092
2023-05-25 03:40:43,177600,2.7253994941711426,0.10672014206647873,0.001,890000,12117092
2023-05-25 03:40:50,177800,2.614838123321533,0.07682639360427856,0.001,890000,12117092
2023-05-25 03:40:58,178000,2.758350133895874,0.08380983024835587,0.001,890000,12117092
2023-05-25 03:44:13,178200,2.600003242492676,0.07929535210132599,0.001,895000,12171370
2023-05-25 03:44:20,178400,2.7383856773376465,0.05851522833108902,0.001,895000,12171370
2023-05-25 03:44:28,178600,2.597186326980591,0.04707611724734306,0.001,895000,12171370
2023-05-25 03:44:36,178800,2.500833511352539,0.05291222035884857,0.001,895000,12171370
2023-05-25 03:44:43,179000,2.5821614265441895,0.055078327655792236,0.001,895000,12171370
2023-05-25 03:47:57,179200,2.5579330921173096,0.0628553032875061,0.001,900000,12225367
2023-05-25 03:48:05,179400,2.6510496139526367,0.027896270155906677,0.001,900000,12225367
2023-05-25 03:48:13,179600,2.4927210807800293,0.14127156138420105,0.001,900000,12225367
2023-05-25 03:48:21,179800,2.698544502258301,0.11513347178697586,0.001,900000,12225367
2023-05-25 03:48:29,180000,2.661773443222046,0.0631946474313736,0.001,900000,12225367
2023-05-25 03:51:41,180200,2.728158950805664,0.01965658739209175,0.001,905000,12279061
2023-05-25 03:51:49,180400,2.6716742515563965,0.06690173596143723,0.001,905000,12279061
2023-05-25 03:51:56,180600,2.685117721557617,0.09193979203701019,0.001,905000,12279061
2023-05-25 03:52:04,180800,2.827951431274414,0.04887767881155014,0.001,905000,12279061
2023-05-25 03:52:12,181000,2.8060553073883057,0.056444935500621796,0.001,905000,12279061
2023-05-25 03:55:24,181200,2.6953651905059814,0.018173273652791977,0.001,910000,12332631
2023-05-25 03:55:32,181400,2.7419655323028564,0.07451511919498444,0.001,910000,12332631
2023-05-25 03:55:40,181600,2.711839199066162,0.0823279470205307,0.001,910000,12332631
2023-05-25 03:55:47,181800,2.900491714477539,0.07837340235710144,0.001,910000,12332631
2023-05-25 03:55:55,182000,2.7746458053588867,0.09303267300128937,0.001,910000,12332631
2023-05-25 03:59:05,182200,2.6213717460632324,0.07848980277776718,0.001,915000,12385654
2023-05-25 03:59:13,182400,2.631936550140381,0.07872787863016129,0.001,915000,12385654
2023-05-25 03:59:21,182600,2.7524354457855225,0.048011664301157,0.001,915000,12385654
2023-05-25 03:59:29,182800,2.8520259857177734,0.08733412623405457,0.001,915000,12385654
2023-05-25 03:59:37,183000,2.5949840545654297,0.06321025639772415,0.001,915000,12385654
2023-05-25 04:02:48,183200,2.6144165992736816,0.08912491798400879,0.001,920000,12438994
2023-05-25 04:02:55,183400,2.558145046234131,0.1316743642091751,0.001,920000,12438994
2023-05-25 04:03:03,183600,3.0116682052612305,0.06964379549026489,0.001,920000,12438994
2023-05-25 04:03:11,183800,2.928152561187744,0.05315959453582764,0.001,920000,12438994
2023-05-25 04:03:18,184000,2.5601859092712402,0.0743369609117508,0.001,920000,12438994
2023-05-25 04:06:30,184200,2.6859993934631348,0.0591057650744915,0.001,925000,12492482
2023-05-25 04:06:38,184400,2.7875847816467285,0.07690246403217316,0.001,925000,12492482
2023-05-25 04:06:45,184600,2.633239269256592,0.025932595133781433,0.001,925000,12492482
2023-05-25 04:06:53,184800,2.7181520462036133,0.05691257119178772,0.001,925000,12492482
2023-05-25 04:07:01,185000,2.647980213165283,0.06983980536460876,0.001,925000,12492482
2023-05-25 04:10:12,185200,2.7746152877807617,0.05182497203350067,0.001,930000,12545635
2023-05-25 04:10:19,185400,2.3798084259033203,0.05715889483690262,0.001,930000,12545635
2023-05-25 04:10:27,185600,2.7406082153320312,0.01677698828279972,0.001,930000,12545635
2023-05-25 04:10:35,185800,2.6689162254333496,0.08058144152164459,0.001,930000,12545635
2023-05-25 04:10:43,186000,2.650716781616211,0.04257611930370331,0.001,930000,12545635
2023-05-25 04:13:56,186200,2.6120662689208984,0.05444695055484772,0.001,935000,12599400
2023-05-25 04:14:03,186400,2.610888719558716,0.05319754034280777,0.001,935000,12599400
2023-05-25 04:14:11,186600,2.589935302734375,0.07580399513244629,0.001,935000,12599400
2023-05-25 04:14:18,186800,2.8039040565490723,0.06307406723499298,0.001,935000,12599400
2023-05-25 04:14:26,187000,2.885554313659668,0.06488978862762451,0.001,935000,12599400
2023-05-25 04:17:37,187200,2.685086488723755,0.10171123594045639,0.001,940000,12652597
2023-05-25 04:17:45,187400,2.704893112182617,0.0924983099102974,0.001,940000,12652597
2023-05-25 04:17:52,187600,2.928353786468506,0.06155027449131012,0.001,940000,12652597
2023-05-25 04:18:00,187800,2.61149263381958,0.0776452124118805,0.001,940000,12652597
2023-05-25 04:18:08,188000,2.6023383140563965,0.06909611821174622,0.001,940000,12652597
2023-05-25 04:21:20,188200,2.653676986694336,0.06125263124704361,0.001,945000,12705843
2023-05-25 04:21:28,188400,2.7152066230773926,0.08363983035087585,0.001,945000,12705843
2023-05-25 04:21:35,188600,2.5584776401519775,0.05247288942337036,0.001,945000,12705843
2023-05-25 04:21:43,188800,2.597902297973633,0.0620892196893692,0.001,945000,12705843
2023-05-25 04:21:50,189000,2.4701385498046875,0.048084359616041183,0.001,945000,12705843
2023-05-25 04:25:02,189200,2.6037778854370117,0.07000236213207245,0.001,950000,12759655
2023-05-25 04:25:10,189400,2.7687525749206543,0.05105815827846527,0.001,950000,12759655
2023-05-25 04:25:17,189600,2.8511691093444824,0.03967631608247757,0.001,950000,12759655
2023-05-25 04:25:25,189800,2.6379036903381348,0.026264091953635216,0.001,950000,12759655
2023-05-25 04:25:33,190000,2.756079912185669,0.04677820950746536,0.001,950000,12759655
2023-05-25 04:28:45,190200,2.703490734100342,0.04173753038048744,0.001,955000,12813275
2023-05-25 04:28:53,190400,2.5600104331970215,0.036200132220983505,0.001,955000,12813275
2023-05-25 04:29:01,190600,2.5747244358062744,0.07219363749027252,0.001,955000,12813275
2023-05-25 04:29:08,190800,2.42246675491333,0.05662810057401657,0.001,955000,12813275
2023-05-25 04:29:16,191000,2.5329465866088867,0.04158085584640503,0.001,955000,12813275
2023-05-25 04:32:28,191200,2.74458646774292,0.06489050388336182,0.001,960000,12866849
2023-05-25 04:32:35,191400,2.6650962829589844,0.059512559324502945,0.001,960000,12866849
2023-05-25 04:32:43,191600,2.635542869567871,0.09077173471450806,0.001,960000,12866849
2023-05-25 04:32:51,191800,2.6216559410095215,0.025228410959243774,0.001,960000,12866849
2023-05-25 04:32:58,192000,2.720625162124634,0.04882359504699707,0.001,960000,12866849
2023-05-25 04:36:10,192200,2.739514112472534,0.004546768497675657,0.001,965000,12920273
2023-05-25 04:36:18,192400,2.916792392730713,0.0587310828268528,0.001,965000,12920273
2023-05-25 04:36:26,192600,2.6428747177124023,0.10175752639770508,0.001,965000,12920273
2023-05-25 04:36:33,192800,2.7003417015075684,0.05280521884560585,0.001,965000,12920273
2023-05-25 04:36:41,193000,2.6665163040161133,0.013689996674656868,0.001,965000,12920273
2023-05-25 04:39:52,193200,2.781461477279663,0.026772979646921158,0.001,970000,12973362
2023-05-25 04:40:00,193400,2.840527296066284,0.11814414709806442,0.001,970000,12973362
2023-05-25 04:40:07,193600,2.8503801822662354,0.049622222781181335,0.001,970000,12973362
2023-05-25 04:40:15,193800,2.6531105041503906,0.05679519474506378,0.001,970000,12973362
2023-05-25 04:40:23,194000,2.625906467437744,0.13034993410110474,0.001,970000,12973362
2023-05-25 04:43:33,194200,2.723557472229004,0.02899988740682602,0.001,975000,13026701
2023-05-25 04:43:41,194400,2.677725315093994,0.08261483907699585,0.001,975000,13026701
2023-05-25 04:43:49,194600,2.8154408931732178,0.025414370000362396,0.001,975000,13026701
2023-05-25 04:43:56,194800,2.7411813735961914,0.03615611791610718,0.001,975000,13026701
2023-05-25 04:44:04,195000,2.6759567260742188,0.023699386045336723,0.001,975000,13026701
2023-05-25 04:47:16,195200,2.785518169403076,0.02857309952378273,0.001,980000,13080108
2023-05-25 04:47:24,195400,2.773958921432495,0.13206511735916138,0.001,980000,13080108
2023-05-25 04:47:31,195600,2.855820655822754,0.0571976900100708,0.001,980000,13080108
2023-05-25 04:47:39,195800,2.6190218925476074,0.019709130749106407,0.001,980000,13080108
2023-05-25 04:47:47,196000,2.6153016090393066,0.0932740643620491,0.001,980000,13080108
2023-05-25 04:51:00,196200,2.5908966064453125,0.0459468737244606,0.001,985000,13133272
2023-05-25 04:51:07,196400,2.784943103790283,0.07237687706947327,0.001,985000,13133272
2023-05-25 04:51:15,196600,2.769044876098633,0.051438286900520325,0.001,985000,13133272
2023-05-25 04:51:23,196800,2.775977373123169,0.04630009084939957,0.001,985000,13133272
2023-05-25 04:51:31,197000,2.7154693603515625,0.0632610023021698,0.001,985000,13133272
2023-05-25 04:54:41,197200,2.7278642654418945,0.034889958798885345,0.001,990000,13186354
2023-05-25 04:54:48,197400,2.780168056488037,0.02335585281252861,0.001,990000,13186354
2023-05-25 04:54:56,197600,2.8539886474609375,0.10267888754606247,0.001,990000,13186354
2023-05-25 04:55:03,197800,2.711456537246704,0.06854361295700073,0.001,990000,13186354
2023-05-25 04:55:11,198000,2.8353309631347656,0.056994106620550156,0.001,990000,13186354
2023-05-25 04:58:22,198200,2.623894214630127,0.053974051028490067,0.001,995000,13239371
2023-05-25 04:58:30,198400,2.5324487686157227,0.06724338978528976,0.001,995000,13239371
2023-05-25 04:58:38,198600,2.7481689453125,0.0769709050655365,0.001,995000,13239371
2023-05-25 04:58:46,198800,2.812873125076294,0.05076107382774353,0.001,995000,13239371
2023-05-25 04:58:53,199000,2.8374738693237305,0.019572706893086433,0.001,995000,13239371
2023-05-25 05:02:04,199200,2.677048683166504,0.047944072633981705,0.001,1000000,13292187
2023-05-25 05:02:11,199400,2.5185933113098145,0.04695345461368561,0.001,1000000,13292187
2023-05-25 05:02:19,199600,2.599858522415161,0.03528108075261116,0.001,1000000,13292187
2023-05-25 05:02:27,199800,2.7383389472961426,0.01608610711991787,0.001,1000000,13292187
2023-05-25 05:02:35,200000,2.715160369873047,0.0661507099866867,0.0001,1000000,13292187
2023-05-25 05:05:46,200200,2.78788423538208,0.07258749008178711,0.0001,1005000,13345186
2023-05-25 05:05:54,200400,2.7226526737213135,0.025380166247487068,0.0001,1005000,13345186
2023-05-25 05:06:01,200600,2.9220504760742188,0.050921402871608734,0.0001,1005000,13345186
2023-05-25 05:06:09,200800,2.7128400802612305,0.061746880412101746,0.0001,1005000,13345186
2023-05-25 05:06:17,201000,2.779479503631592,0.04690755903720856,0.0001,1005000,13345186
2023-05-25 05:09:28,201200,2.8873801231384277,0.03354843705892563,0.0001,1010000,13398254
2023-05-25 05:09:36,201400,2.737752914428711,0.050500914454460144,0.0001,1010000,13398254
2023-05-25 05:09:44,201600,2.778381109237671,0.07090700417757034,0.0001,1010000,13398254
2023-05-25 05:09:51,201800,2.5708394050598145,0.09067409485578537,0.0001,1010000,13398254
2023-05-25 05:09:59,202000,2.910675287246704,0.06868790835142136,0.0001,1010000,13398254
2023-05-25 05:13:11,202200,2.652294397354126,0.05573146790266037,0.0001,1015000,13451488
2023-05-25 05:13:19,202400,2.7342162132263184,0.009990997612476349,0.0001,1015000,13451488
2023-05-25 05:13:27,202600,2.6123275756835938,0.03745081648230553,0.0001,1015000,13451488
2023-05-25 05:13:34,202800,2.6536781787872314,0.029705140739679337,0.0001,1015000,13451488
2023-05-25 05:13:42,203000,2.773740291595459,0.020218882709741592,0.0001,1015000,13451488
2023-05-25 05:16:54,203200,2.6713600158691406,0.050980597734451294,0.0001,1020000,13504750
2023-05-25 05:17:02,203400,2.627650737762451,0.01807357743382454,0.0001,1020000,13504750
2023-05-25 05:17:09,203600,2.753070831298828,0.05820378661155701,0.0001,1020000,13504750
2023-05-25 05:17:17,203800,2.907538414001465,0.07019692659378052,0.0001,1020000,13504750
2023-05-25 05:17:24,204000,2.71783447265625,0.06335678696632385,0.0001,1020000,13504750
2023-05-25 05:20:35,204200,2.7959651947021484,0.06493933498859406,0.0001,1025000,13557744
2023-05-25 05:20:43,204400,2.666930675506592,0.053185656666755676,0.0001,1025000,13557744
2023-05-25 05:20:51,204600,2.6098124980926514,0.06498738378286362,0.0001,1025000,13557744
2023-05-25 05:20:59,204800,2.838026285171509,0.01977306604385376,0.0001,1025000,13557744
2023-05-25 05:21:06,205000,2.7517850399017334,0.028936903923749924,0.0001,1025000,13557744
2023-05-25 05:24:18,205200,2.791670322418213,0.06669452786445618,0.0001,1030000,13610935
2023-05-25 05:24:26,205400,2.8748619556427,0.08186794072389603,0.0001,1030000,13610935
2023-05-25 05:24:33,205600,2.7880425453186035,0.059070587158203125,0.0001,1030000,13610935
2023-05-25 05:24:41,205800,2.7065210342407227,0.06412355601787567,0.0001,1030000,13610935
2023-05-25 05:24:48,206000,2.721348762512207,0.03305897116661072,0.0001,1030000,13610935
2023-05-25 05:27:59,206200,2.708040952682495,0.03649551048874855,0.0001,1035000,13663884
2023-05-25 05:28:06,206400,2.666863441467285,0.017765972763299942,0.0001,1035000,13663884
2023-05-25 05:28:14,206600,2.7803664207458496,0.04035180062055588,0.0001,1035000,13663884
2023-05-25 05:28:22,206800,2.806913375854492,0.03146696463227272,0.0001,1035000,13663884
2023-05-25 05:28:30,207000,2.7278542518615723,0.06418129801750183,0.0001,1035000,13663884
2023-05-25 05:31:40,207200,2.593470335006714,0.032031312584877014,0.0001,1040000,13716655
2023-05-25 05:31:48,207400,2.714672088623047,0.05925547331571579,0.0001,1040000,13716655
2023-05-25 05:31:55,207600,2.7618424892425537,0.030865786597132683,0.0001,1040000,13716655
2023-05-25 05:32:03,207800,2.938754081726074,0.048381105065345764,0.0001,1040000,13716655
2023-05-25 05:32:10,208000,2.6753287315368652,0.018657630309462547,0.0001,1040000,13716655
2023-05-25 05:35:22,208200,2.9046497344970703,0.007702765055000782,0.0001,1045000,13769845
2023-05-25 05:35:30,208400,2.9442906379699707,0.006306104362010956,0.0001,1045000,13769845
2023-05-25 05:35:38,208600,2.908252716064453,0.062020111829042435,0.0001,1045000,13769845
2023-05-25 05:35:46,208800,2.7545080184936523,0.002580425702035427,0.0001,1045000,13769845
2023-05-25 05:35:53,209000,2.6328320503234863,0.08732592314481735,0.0001,1045000,13769845
2023-05-25 05:39:03,209200,2.791304349899292,0.017201250419020653,0.0001,1050000,13822511
2023-05-25 05:39:11,209400,2.857968807220459,0.007185067981481552,0.0001,1050000,13822511
2023-05-25 05:39:19,209600,2.5787532329559326,0.03430785983800888,0.0001,1050000,13822511
2023-05-25 05:39:26,209800,2.5159339904785156,0.049892425537109375,0.0001,1050000,13822511
2023-05-25 05:39:34,210000,2.6020565032958984,0.03415544331073761,0.0001,1050000,13822511
2023-05-25 05:42:44,210200,2.6670377254486084,0.0022644430864602327,0.0001,1055000,13875380
2023-05-25 05:42:52,210400,2.8379147052764893,0.016319947317242622,0.0001,1055000,13875380
2023-05-25 05:43:00,210600,2.7221202850341797,0.022541167214512825,0.0001,1055000,13875380
2023-05-25 05:43:07,210800,2.7209625244140625,0.03385939821600914,0.0001,1055000,13875380
2023-05-25 05:43:15,211000,2.881441831588745,0.06745679676532745,0.0001,1055000,13875380
2023-05-25 05:46:25,211200,2.6760830879211426,0.036339662969112396,0.0001,1060000,13928221
2023-05-25 05:46:33,211400,2.6304197311401367,0.04948779568076134,0.0001,1060000,13928221
2023-05-25 05:46:41,211600,2.6780266761779785,0.0644296407699585,0.0001,1060000,13928221
2023-05-25 05:46:48,211800,2.6723570823669434,0.05389709025621414,0.0001,1060000,13928221
2023-05-25 05:46:56,212000,2.8068737983703613,0.03335045650601387,0.0001,1060000,13928221
2023-05-25 05:50:06,212200,2.696542739868164,0.052076131105422974,0.0001,1065000,13981109
2023-05-25 05:50:14,212400,2.7202961444854736,0.047763723880052567,0.0001,1065000,13981109
2023-05-25 05:50:21,212600,2.7718796730041504,0.03748735040426254,0.0001,1065000,13981109
2023-05-25 05:50:29,212800,2.727161407470703,0.09832996129989624,0.0001,1065000,13981109
2023-05-25 05:50:36,213000,2.7028050422668457,0.029890481382608414,0.0001,1065000,13981109
2023-05-25 05:53:48,213200,2.798635721206665,0.025060126557946205,0.0001,1070000,14033903
2023-05-25 05:53:55,213400,2.82987117767334,0.09960576891899109,0.0001,1070000,14033903
2023-05-25 05:54:03,213600,2.746859073638916,0.022672036662697792,0.0001,1070000,14033903
2023-05-25 05:54:11,213800,2.6696228981018066,0.008688349276781082,0.0001,1070000,14033903
2023-05-25 05:54:18,214000,2.6775941848754883,0.015135546214878559,0.0001,1070000,14033903
2023-05-25 05:57:29,214200,2.599062204360962,0.016731390729546547,0.0001,1075000,14086863
2023-05-25 05:57:36,214400,2.9549221992492676,0.048803895711898804,0.0001,1075000,14086863
2023-05-25 05:57:44,214600,2.814518451690674,0.03403559327125549,0.0001,1075000,14086863
2023-05-25 05:57:52,214800,2.681434392929077,0.045369312167167664,0.0001,1075000,14086863
2023-05-25 05:57:59,215000,2.9265003204345703,0.06017133593559265,0.0001,1075000,14086863
2023-05-25 06:01:09,215200,2.7320404052734375,0.07672697305679321,0.0001,1080000,14139505
2023-05-25 06:01:17,215400,2.8397467136383057,0.021796636283397675,0.0001,1080000,14139505
2023-05-25 06:01:24,215600,2.517314910888672,0.029839571565389633,0.0001,1080000,14139505
2023-05-25 06:01:32,215800,2.7290592193603516,0.011722525581717491,0.0001,1080000,14139505
2023-05-25 06:01:40,216000,2.8218584060668945,0.017378171905875206,0.0001,1080000,14139505
2023-05-25 06:04:50,216200,2.6839523315429688,0.03740489482879639,0.0001,1085000,14192542
2023-05-25 06:04:58,216400,2.6015512943267822,0.015871286392211914,0.0001,1085000,14192542
2023-05-25 06:05:05,216600,2.783626079559326,0.04512624815106392,0.0001,1085000,14192542
2023-05-25 06:05:13,216800,2.5621328353881836,0.06241174042224884,0.0001,1085000,14192542
2023-05-25 06:05:21,217000,2.911492347717285,0.06255673617124557,0.0001,1085000,14192542
2023-05-25 06:08:32,217200,2.781076431274414,0.06470333784818649,0.0001,1090000,14245442
2023-05-25 06:08:39,217400,2.6632044315338135,0.052328240126371384,0.0001,1090000,14245442
2023-05-25 06:08:47,217600,2.6615257263183594,0.006459377706050873,0.0001,1090000,14245442
2023-05-25 06:08:55,217800,2.6388938426971436,0.05934416875243187,0.0001,1090000,14245442
2023-05-25 06:09:03,218000,2.737785816192627,0.05016786977648735,0.0001,1090000,14245442
2023-05-25 06:12:14,218200,2.662576913833618,0.029357699677348137,0.0001,1095000,14298237
2023-05-25 06:12:21,218400,2.8183839321136475,0.016548022627830505,0.0001,1095000,14298237
2023-05-25 06:12:29,218600,2.7739224433898926,0.019755084067583084,0.0001,1095000,14298237
2023-05-25 06:12:37,218800,2.721813201904297,0.028642108663916588,0.0001,1095000,14298237
2023-05-25 06:12:44,219000,2.632965564727783,0.025500310584902763,0.0001,1095000,14298237
